approach,domain_type,horizon,m,n,node_a,node_b,domain_size,path,runtime_seconds,set_size_mb
asp_general,barabasiAlbertLongestShortestPath-1,3,1,10,3,8,2,domains/0001-barabasiAlbertLongestShortestPath-1-10-3-8-2.pddl,0.0,5.46875
asp_general,barabasiAlbertLongestShortestPath-1,4,1,20,3,16,3,domains/0002-barabasiAlbertLongestShortestPath-1-20-3-16-3.pddl,0.01,6.5390625
asp_general,barabasiAlbertLongestShortestPath-1,4,1,30,3,16,3,domains/0003-barabasiAlbertLongestShortestPath-1-30-3-16-3.pddl,0.02,8.44140625
asp_general,barabasiAlbertLongestShortestPath-1,4,1,40,3,16,3,domains/0004-barabasiAlbertLongestShortestPath-1-40-3-16-3.pddl,0.03,10.85546875
asp_general,barabasiAlbertLongestShortestPath-1,4,1,50,3,44,3,domains/0005-barabasiAlbertLongestShortestPath-1-50-3-44-3.pddl,0.06,13.60546875
asp_general,barabasiAlbertLongestShortestPath-1,4,1,60,3,44,3,domains/0006-barabasiAlbertLongestShortestPath-1-60-3-44-3.pddl,0.08,17.390625
asp_general,barabasiAlbertLongestShortestPath-1,4,1,70,3,44,3,domains/0007-barabasiAlbertLongestShortestPath-1-70-3-44-3.pddl,0.12,21.91796875
asp_general,barabasiAlbertLongestShortestPath-1,4,1,80,3,44,3,domains/0008-barabasiAlbertLongestShortestPath-1-80-3-44-3.pddl,0.1,26.48828125
asp_general,barabasiAlbertLongestShortestPath-1,5,1,90,3,81,4,domains/0009-barabasiAlbertLongestShortestPath-1-90-3-81-4.pddl,0.28,40.1875
asp_general,barabasiAlbertLongestShortestPath-1,5,1,100,3,81,4,domains/0010-barabasiAlbertLongestShortestPath-1-100-3-81-4.pddl,0.43,48.88671875
asp_general,barabasiAlbertLongestShortestPath-1,5,1,110,3,81,4,domains/0011-barabasiAlbertLongestShortestPath-1-110-3-81-4.pddl,0.48,57.65625
asp_general,barabasiAlbertLongestShortestPath-1,5,1,120,3,81,4,domains/0012-barabasiAlbertLongestShortestPath-1-120-3-81-4.pddl,0.71,67.01171875
asp_general,barabasiAlbertLongestShortestPath-1,5,1,130,3,81,4,domains/0013-barabasiAlbertLongestShortestPath-1-130-3-81-4.pddl,1.4,77.23046875
asp_general,barabasiAlbertLongestShortestPath-1,5,1,140,3,81,4,domains/0014-barabasiAlbertLongestShortestPath-1-140-3-81-4.pddl,1.27,88.34765625
asp_general,barabasiAlbertLongestShortestPath-1,5,1,150,3,81,4,domains/0015-barabasiAlbertLongestShortestPath-1-150-3-81-4.pddl,2.09,102.4921875
asp_general,barabasiAlbertLongestShortestPath-1,5,1,160,3,81,4,domains/0016-barabasiAlbertLongestShortestPath-1-160-3-81-4.pddl,2.64,115.9140625
asp_general,barabasiAlbertLongestShortestPath-1,5,1,170,3,81,4,domains/0017-barabasiAlbertLongestShortestPath-1-170-3-81-4.pddl,1.76,128.49609375
asp_general,barabasiAlbertLongestShortestPath-1,5,1,180,3,81,4,domains/0018-barabasiAlbertLongestShortestPath-1-180-3-81-4.pddl,0.75,144.23046875
asp_general,barabasiAlbertLongestShortestPath-1,5,1,190,3,81,4,domains/0019-barabasiAlbertLongestShortestPath-1-190-3-81-4.pddl,2.83,157.90625
asp_general,barabasiAlbertLongestShortestPath-1,5,1,200,3,81,4,domains/0020-barabasiAlbertLongestShortestPath-1-200-3-81-4.pddl,3.79,176.62890625
