approach,domain_type,horizon,m,n,node_a,node_b,domain_size,path,runtime_seconds,set_size_mb
asp_general,barabasiAlbertLongestShortestPath-5,2,5,10,0,1,1,domains/0001-barabasiAlbertLongestShortestPath-5-10-0-1-1.pddl,0.01,5.67578125
asp_general,barabasiAlbertLongestShortestPath-5,3,5,20,0,14,2,domains/0002-barabasiAlbertLongestShortestPath-5-20-0-14-2.pddl,0.03,8.94140625
asp_general,barabasiAlbertLongestShortestPath-5,3,5,30,0,14,2,domains/0003-barabasiAlbertLongestShortestPath-5-30-0-14-2.pddl,0.07,14.39453125
asp_general,barabasiAlbertLongestShortestPath-5,3,5,40,0,14,2,domains/0004-barabasiAlbertLongestShortestPath-5-40-0-14-2.pddl,0.15,21.85546875
asp_general,barabasiAlbertLongestShortestPath-5,3,5,50,0,14,2,domains/0005-barabasiAlbertLongestShortestPath-5-50-0-14-2.pddl,0.31,31.66015625
asp_general,barabasiAlbertLongestShortestPath-5,3,5,60,0,14,2,domains/0006-barabasiAlbertLongestShortestPath-5-60-0-14-2.pddl,0.62,43.0859375
asp_general,barabasiAlbertLongestShortestPath-5,3,5,70,0,14,2,domains/0007-barabasiAlbertLongestShortestPath-5-70-0-14-2.pddl,1.21,57.38671875
asp_general,barabasiAlbertLongestShortestPath-5,3,5,80,0,14,2,domains/0008-barabasiAlbertLongestShortestPath-5-80-0-14-2.pddl,2.25,73.42578125
asp_general,barabasiAlbertLongestShortestPath-5,3,5,90,0,14,2,domains/0009-barabasiAlbertLongestShortestPath-5-90-0-14-2.pddl,4.07,91.0625
asp_general,barabasiAlbertLongestShortestPath-5,3,5,100,0,14,2,domains/0010-barabasiAlbertLongestShortestPath-5-100-0-14-2.pddl,5.42,111.84765625
asp_general,barabasiAlbertLongestShortestPath-5,4,5,110,9,25,3,domains/0011-barabasiAlbertLongestShortestPath-5-110-9-25-3.pddl,6.91,195.11328125
asp_general,barabasiAlbertLongestShortestPath-5,4,5,120,0,117,3,domains/0012-barabasiAlbertLongestShortestPath-5-120-0-117-3.pddl,20.82,227.31640625
asp_general,barabasiAlbertLongestShortestPath-5,4,5,130,9,25,3,domains/0013-barabasiAlbertLongestShortestPath-5-130-9-25-3.pddl,12.83,269.3828125
asp_general,barabasiAlbertLongestShortestPath-5,4,5,140,0,132,3,domains/0014-barabasiAlbertLongestShortestPath-5-140-0-132-3.pddl,32.69,307.12890625
asp_general,barabasiAlbertLongestShortestPath-5,4,5,150,0,132,3,domains/0015-barabasiAlbertLongestShortestPath-5-150-0-132-3.pddl,40.88,357.16796875
asp_general,barabasiAlbertLongestShortestPath-5,4,5,160,0,132,3,domains/0016-barabasiAlbertLongestShortestPath-5-160-0-132-3.pddl,47.49,411.16015625
asp_general,barabasiAlbertLongestShortestPath-5,4,5,170,0,132,3,domains/0017-barabasiAlbertLongestShortestPath-5-170-0-132-3.pddl,42.46,455.6640625
asp_general,barabasiAlbertLongestShortestPath-5,4,5,180,0,132,3,domains/0018-barabasiAlbertLongestShortestPath-5-180-0-132-3.pddl,57.09,510.12890625
asp_general,barabasiAlbertLongestShortestPath-5,4,5,190,7,50,3,domains/0019-barabasiAlbertLongestShortestPath-5-190-7-50-3.pddl,72.52,568.0234375
asp_general,barabasiAlbertLongestShortestPath-5,4,5,200,7,50,3,domains/0020-barabasiAlbertLongestShortestPath-5-200-7-50-3.pddl,-1,-0.0009765625
