approach,domain_type,horizon,num_plans_success,length_plans_success,length_plans_dead_end,num_plans_dead_end,domain_size,path,runtime_seconds,set_size_mb
asp_simple,generalized,5,1,4,2,4,4,domains/0166-generalized-1-4-2-4-4.pddl,0.0,5.48046875
asp_simple,generalized,6,1,5,2,5,5,domains/0167-generalized-1-5-2-5-5.pddl,0.01,5.6484375
asp_simple,generalized,7,1,6,3,6,6,domains/0168-generalized-1-6-3-6-6.pddl,0.01,6.05859375
asp_simple,generalized,8,1,7,3,7,7,domains/0169-generalized-1-7-3-7-7.pddl,0.01,6.4453125
asp_simple,generalized,9,1,8,4,8,8,domains/0170-generalized-1-8-4-8-8.pddl,0.01,7.203125
asp_simple,generalized,11,1,10,5,10,10,domains/0171-generalized-1-10-5-10-10.pddl,0.02,8.96875
asp_simple,generalized,12,1,11,5,11,11,domains/0172-generalized-1-11-5-11-11.pddl,0.02,9.58984375
asp_simple,generalized,13,1,12,6,12,12,domains/0173-generalized-1-12-6-12-12.pddl,0.03,11.13671875
asp_simple,generalized,14,1,13,6,13,13,domains/0174-generalized-1-13-6-13-13.pddl,0.03,11.9921875
asp_simple,generalized,15,1,14,7,14,14,domains/0175-generalized-1-14-7-14-14.pddl,0.04,14.1875
asp_simple,generalized,17,1,16,8,16,16,domains/0176-generalized-1-16-8-16-16.pddl,0.06,17.82421875
asp_simple,generalized,18,1,17,8,17,17,domains/0177-generalized-1-17-8-17-17.pddl,0.07,19.62890625
asp_simple,generalized,19,1,18,9,18,18,domains/0178-generalized-1-18-9-18-18.pddl,0.09,23.296875
asp_simple,generalized,20,1,19,9,19,19,domains/0179-generalized-1-19-9-19-19.pddl,0.15,25.1953125
asp_simple,generalized,21,1,20,10,20,20,domains/0180-generalized-1-20-10-20-20.pddl,0.11,29.11328125