approach,domain_type,horizon,m,n,node_a,node_b,domain_size,path,runtime_seconds,set_size_mb
bfs,barabasiAlbertLongestShortestPath-max,-1,19,20,0,1,1,domains/0022-barabasiAlbertLongestShortestPath-19-20-0-1-1.pddl,0.07,18.0546875
bfs,barabasiAlbertLongestShortestPath-max,-1,29,30,0,1,1,domains/0023-barabasiAlbertLongestShortestPath-29-30-0-1-1.pddl,0.07,18.140625
bfs,barabasiAlbertLongestShortestPath-max,-1,39,40,0,1,1,domains/0024-barabasiAlbertLongestShortestPath-39-40-0-1-1.pddl,0.07,18.34375
bfs,barabasiAlbertLongestShortestPath-max,-1,49,50,0,1,1,domains/0025-barabasiAlbertLongestShortestPath-49-50-0-1-1.pddl,0.07,18.2265625
bfs,barabasiAlbertLongestShortestPath-max,-1,59,60,0,1,1,domains/0026-barabasiAlbertLongestShortestPath-59-60-0-1-1.pddl,0.07,18.4296875
bfs,barabasiAlbertLongestShortestPath-max,-1,69,70,0,1,1,domains/0027-barabasiAlbertLongestShortestPath-69-70-0-1-1.pddl,0.07,18.53515625
bfs,barabasiAlbertLongestShortestPath-max,-1,79,80,0,1,1,domains/0028-barabasiAlbertLongestShortestPath-79-80-0-1-1.pddl,0.07,18.90625
bfs,barabasiAlbertLongestShortestPath-max,-1,89,90,0,1,1,domains/0029-barabasiAlbertLongestShortestPath-89-90-0-1-1.pddl,0.07,18.67578125
bfs,barabasiAlbertLongestShortestPath-max,-1,99,100,0,1,1,domains/0030-barabasiAlbertLongestShortestPath-99-100-0-1-1.pddl,0.07,18.734375
bfs,barabasiAlbertLongestShortestPath-max,-1,109,110,0,1,1,domains/0031-barabasiAlbertLongestShortestPath-109-110-0-1-1.pddl,0.07,18.703125
bfs,barabasiAlbertLongestShortestPath-max,-1,119,120,0,1,1,domains/0032-barabasiAlbertLongestShortestPath-119-120-0-1-1.pddl,0.07,18.98046875
bfs,barabasiAlbertLongestShortestPath-max,-1,129,130,0,1,1,domains/0033-barabasiAlbertLongestShortestPath-129-130-0-1-1.pddl,0.07,19.57421875
bfs,barabasiAlbertLongestShortestPath-max,-1,139,140,0,1,1,domains/0034-barabasiAlbertLongestShortestPath-139-140-0-1-1.pddl,0.07,19.46875
bfs,barabasiAlbertLongestShortestPath-max,-1,149,150,0,1,1,domains/0035-barabasiAlbertLongestShortestPath-149-150-0-1-1.pddl,0.07,19.640625
bfs,barabasiAlbertLongestShortestPath-max,-1,159,160,0,1,1,domains/0036-barabasiAlbertLongestShortestPath-159-160-0-1-1.pddl,0.07,19.6171875
bfs,barabasiAlbertLongestShortestPath-max,-1,169,170,0,1,1,domains/0037-barabasiAlbertLongestShortestPath-169-170-0-1-1.pddl,0.07,19.8671875
bfs,barabasiAlbertLongestShortestPath-max,-1,179,180,0,1,1,domains/0038-barabasiAlbertLongestShortestPath-179-180-0-1-1.pddl,0.07,20.01171875
bfs,barabasiAlbertLongestShortestPath-max,-1,189,190,0,1,1,domains/0039-barabasiAlbertLongestShortestPath-189-190-0-1-1.pddl,0.07,20.01171875
bfs,barabasiAlbertLongestShortestPath-max,-1,199,200,0,1,1,domains/0040-barabasiAlbertLongestShortestPath-199-200-0-1-1.pddl,0.08,20.125
