approach,domain_type,horizon,i,path,runtime_seconds,set_size_mb
asp_general,multiplePathsDeadEnds,3,1,domains/0101-multiplePathsDeadEnds-1.pddl,0.0,5.1640625
asp_general,multiplePathsDeadEnds,6,2,domains/0102-multiplePathsDeadEnds-2.pddl,0.0,5.28515625
asp_general,multiplePathsDeadEnds,10,3,domains/0103-multiplePathsDeadEnds-3.pddl,0.02,5.4375
asp_general,multiplePathsDeadEnds,15,4,domains/0104-multiplePathsDeadEnds-4.pddl,0.4,7.234375
asp_general,multiplePathsDeadEnds,21,5,domains/0105-multiplePathsDeadEnds-5.pddl,4.21,11.3828125
asp_general,multiplePathsDeadEnds,28,6,domains/0106-multiplePathsDeadEnds-6.pddl,3.35,12.3984375
asp_general,multiplePathsDeadEnds,36,7,domains/0107-multiplePathsDeadEnds-7.pddl,30.86,17.296875
asp_general,multiplePathsDeadEnds,45,8,domains/0108-multiplePathsDeadEnds-8.pddl,-1,-0.0009765625
