approach,domain_type,horizon,num_plans_success,length_plans_success,length_plans_dead_end,num_plans_dead_end,domain_size,path,runtime_seconds,set_size_mb
dfs,generalized,-1,2,4,4,4,4,domains/0181-generalized-2-4-4-4-4.pddl,0.07,18.35546875
dfs,generalized,-1,2,4,5,5,5,domains/0182-generalized-2-4-5-5-5.pddl,0.07,18.4140625
dfs,generalized,-1,2,4,6,6,6,domains/0183-generalized-2-4-6-6-6.pddl,0.08,18.55078125
dfs,generalized,-1,2,4,7,7,7,domains/0184-generalized-2-4-7-7-7.pddl,0.09,19.28515625
dfs,generalized,-1,2,4,8,8,8,domains/0185-generalized-2-4-8-8-8.pddl,0.09,19.9296875
dfs,generalized,-1,2,4,10,10,10,domains/0186-generalized-2-4-10-10-10.pddl,0.13,22.8203125
dfs,generalized,-1,2,4,11,11,11,domains/0187-generalized-2-4-11-11-11.pddl,0.15,24.7734375
dfs,generalized,-1,2,4,12,12,12,domains/0188-generalized-2-4-12-12-12.pddl,0.19,28.44921875
dfs,generalized,-1,2,4,13,13,13,domains/0189-generalized-2-4-13-13-13.pddl,0.25,33.01953125
dfs,generalized,-1,2,4,14,14,14,domains/0190-generalized-2-4-14-14-14.pddl,0.34,38.23046875
dfs,generalized,-1,2,4,16,16,16,domains/0191-generalized-2-4-16-16-16.pddl,0.61,54.10546875
dfs,generalized,-1,2,4,17,17,17,domains/0192-generalized-2-4-17-17-17.pddl,0.87,67.2734375
dfs,generalized,-1,2,4,18,18,18,domains/0193-generalized-2-4-18-18-18.pddl,1.1400000000000001,83.0
dfs,generalized,-1,2,4,19,19,19,domains/0194-generalized-2-4-19-19-19.pddl,1.46,101.14453125
dfs,generalized,-1,2,4,20,20,20,domains/0195-generalized-2-4-20-20-20.pddl,2.03,121.68359375
