approach,domain_type,horizon,i,path,runtime_seconds,set_size_mb
asp_simple,singlePath,11,10,domains/0001-singlePath-10.pddl,0.01,5.75
asp_simple,singlePath,21,20,domains/0002-singlePath-20.pddl,0.02,7.9140625
asp_simple,singlePath,31,30,domains/0003-singlePath-30.pddl,0.03,11.00390625
asp_simple,singlePath,41,40,domains/0004-singlePath-40.pddl,0.04,15.33984375
asp_simple,singlePath,51,50,domains/0005-singlePath-50.pddl,0.06,20.984375
asp_simple,singlePath,61,60,domains/0006-singlePath-60.pddl,0.09,27.828125
asp_simple,singlePath,71,70,domains/0007-singlePath-70.pddl,0.18,35.85546875
asp_simple,singlePath,81,80,domains/0008-singlePath-80.pddl,0.2,45.3828125
asp_simple,singlePath,91,90,domains/0009-singlePath-90.pddl,0.25,54.40625
asp_simple,singlePath,101,100,domains/0010-singlePath-100.pddl,0.35,64.91015625
asp_simple,singlePath,111,110,domains/0011-singlePath-110.pddl,0.55,77.30078125
asp_simple,singlePath,121,120,domains/0012-singlePath-120.pddl,0.52,87.65625
asp_simple,singlePath,131,130,domains/0013-singlePath-130.pddl,0.91,100.98828125
asp_simple,singlePath,141,140,domains/0014-singlePath-140.pddl,0.75,115.10546875
asp_simple,singlePath,151,150,domains/0015-singlePath-150.pddl,0.84,134.953125
asp_simple,singlePath,161,160,domains/0016-singlePath-160.pddl,0.98,150.5
asp_simple,singlePath,171,170,domains/0017-singlePath-170.pddl,1.1,167.390625
asp_simple,singlePath,181,180,domains/0018-singlePath-180.pddl,1.24,184.33203125
asp_simple,singlePath,191,190,domains/0019-singlePath-190.pddl,1.44,205.37890625
asp_simple,singlePath,201,200,domains/0020-singlePath-200.pddl,1.5899999999999999,223.99609375
asp_simple,singlePath,211,210,domains/0021-singlePath-210.pddl,1.8900000000000001,256.5703125
asp_simple,singlePath,221,220,domains/0022-singlePath-220.pddl,1.95,275.53515625
asp_simple,singlePath,231,230,domains/0023-singlePath-230.pddl,2.55,296.18359375
asp_simple,singlePath,241,240,domains/0024-singlePath-240.pddl,2.5300000000000002,321.828125
asp_simple,singlePath,251,250,domains/0025-singlePath-250.pddl,2.67,344.33203125
asp_simple,singlePath,261,260,domains/0026-singlePath-260.pddl,2.77,374.375
asp_simple,singlePath,271,270,domains/0027-singlePath-270.pddl,3.26,405.84375
asp_simple,singlePath,281,280,domains/0028-singlePath-280.pddl,3.29,429.96875
asp_simple,singlePath,291,290,domains/0029-singlePath-290.pddl,3.66,464.88671875
asp_simple,singlePath,301,300,domains/0030-singlePath-300.pddl,3.92,511.53125
asp_simple,singlePath,311,310,domains/0031-singlePath-310.pddl,4.11,544.4453125
asp_simple,singlePath,321,320,domains/0032-singlePath-320.pddl,4.35,576.9453125
asp_simple,singlePath,331,330,domains/0033-singlePath-330.pddl,4.62,610.375
asp_simple,singlePath,341,340,domains/0034-singlePath-340.pddl,4.93,642.6328125
asp_simple,singlePath,351,350,domains/0035-singlePath-350.pddl,5.22,676.0234375
asp_simple,singlePath,361,360,domains/0036-singlePath-360.pddl,5.93,708.09375
asp_simple,singlePath,371,370,domains/0037-singlePath-370.pddl,5.96,747.3203125
asp_simple,singlePath,381,380,domains/0038-singlePath-380.pddl,6.43,788.5859375
asp_simple,singlePath,391,390,domains/0039-singlePath-390.pddl,6.78,834.30078125
asp_simple,singlePath,401,400,domains/0040-singlePath-400.pddl,7.55,873.73828125
asp_simple,singlePath,411,410,domains/0041-singlePath-410.pddl,7.62,914.09765625
asp_simple,singlePath,421,420,domains/0042-singlePath-420.pddl,8.38,974.44140625
asp_simple,singlePath,431,430,domains/0043-singlePath-430.pddl,9.43,1020.44140625
asp_simple,singlePath,441,440,domains/0044-singlePath-440.pddl,8.99,1080.2265625
asp_simple,singlePath,451,450,domains/0045-singlePath-450.pddl,9.55,1102.328125
asp_simple,singlePath,461,460,domains/0046-singlePath-460.pddl,10.43,1148.7890625
asp_simple,singlePath,471,470,domains/0047-singlePath-470.pddl,10.56,1185.03125
asp_simple,singlePath,481,480,domains/0048-singlePath-480.pddl,10.67,1247.171875
asp_simple,singlePath,491,490,domains/0049-singlePath-490.pddl,10.9,1291.7109375
asp_simple,singlePath,501,500,domains/0050-singlePath-500.pddl,12.7,1336.953125
