approach,domain_type,horizon,i,path,runtime_seconds,set_size_mb
asp_simple,multiplePaths,3,1,domains/0051-multiplePaths-1.pddl,0.0,5.05859375
asp_simple,multiplePaths,6,2,domains/0052-multiplePaths-2.pddl,0.0,5.18359375
asp_simple,multiplePaths,10,3,domains/0053-multiplePaths-3.pddl,0.0,5.3515625
asp_simple,multiplePaths,15,4,domains/0054-multiplePaths-4.pddl,0.0,5.58984375
asp_simple,multiplePaths,21,5,domains/0055-multiplePaths-5.pddl,0.01,5.921875
asp_simple,multiplePaths,28,6,domains/0056-multiplePaths-6.pddl,0.01,6.38671875
asp_simple,multiplePaths,36,7,domains/0057-multiplePaths-7.pddl,0.01,6.98828125
asp_simple,multiplePaths,45,8,domains/0058-multiplePaths-8.pddl,0.02,7.78125
asp_simple,multiplePaths,55,9,domains/0059-multiplePaths-9.pddl,0.03,8.84375
asp_simple,multiplePaths,66,10,domains/0060-multiplePaths-10.pddl,0.06,10.3046875
asp_simple,multiplePaths,78,11,domains/0061-multiplePaths-11.pddl,0.07,11.7890625
asp_simple,multiplePaths,91,12,domains/0062-multiplePaths-12.pddl,0.12,13.77734375
asp_simple,multiplePaths,105,13,domains/0063-multiplePaths-13.pddl,0.2,15.0
asp_simple,multiplePaths,120,14,domains/0064-multiplePaths-14.pddl,0.29,17.453125
asp_simple,multiplePaths,136,15,domains/0065-multiplePaths-15.pddl,0.58,20.0625
asp_simple,multiplePaths,153,16,domains/0066-multiplePaths-16.pddl,0.71,23.15234375
asp_simple,multiplePaths,171,17,domains/0067-multiplePaths-17.pddl,0.82,26.7109375
asp_simple,multiplePaths,190,18,domains/0068-multiplePaths-18.pddl,1.42,31.12109375
asp_simple,multiplePaths,210,19,domains/0069-multiplePaths-19.pddl,2.3,35.13671875
asp_simple,multiplePaths,231,20,domains/0070-multiplePaths-20.pddl,2.66,40.09375
asp_simple,multiplePaths,253,21,domains/0071-multiplePaths-21.pddl,4.13,45.8671875
asp_simple,multiplePaths,276,22,domains/0072-multiplePaths-22.pddl,4.32,52.31640625
asp_simple,multiplePaths,300,23,domains/0073-multiplePaths-23.pddl,7.28,58.44921875
asp_simple,multiplePaths,325,24,domains/0074-multiplePaths-24.pddl,10.87,65.65625
asp_simple,multiplePaths,351,25,domains/0075-multiplePaths-25.pddl,12.87,74.5625
asp_simple,multiplePaths,378,26,domains/0076-multiplePaths-26.pddl,14.79,81.47265625
asp_simple,multiplePaths,406,27,domains/0077-multiplePaths-27.pddl,21.68,94.11328125
asp_simple,multiplePaths,435,28,domains/0078-multiplePaths-28.pddl,31.25,104.26953125
asp_simple,multiplePaths,465,29,domains/0079-multiplePaths-29.pddl,48.3,114.2265625
asp_simple,multiplePaths,496,30,domains/0080-multiplePaths-30.pddl,53.55,124.94921875
asp_simple,multiplePaths,528,31,domains/0081-multiplePaths-31.pddl,65.51,138.375
asp_simple,multiplePaths,561,32,domains/0082-multiplePaths-32.pddl,94.92,154.56640625
asp_simple,multiplePaths,595,33,domains/0083-multiplePaths-33.pddl,-1,-0.0009765625
