approach,domain_type,horizon,num_plans_success,length_plans_success,length_plans_dead_end,num_plans_dead_end,domain_size,path,runtime_seconds,set_size_mb
asp_general,generalized,5,2,4,4,4,4,domains/0031-generalized-2-4-4-4-4.pddl,0.12,11.77734375
asp_general,generalized,6,2,4,5,5,5,domains/0032-generalized-2-4-5-5-5.pddl,0.2,19.3828125
asp_general,generalized,7,2,4,6,6,6,domains/0033-generalized-2-4-6-6-6.pddl,17.02,64.9921875
asp_general,generalized,8,2,4,7,7,7,domains/0034-generalized-2-4-7-7-7.pddl,2.84,68.42578125
asp_general,generalized,9,2,4,8,8,8,domains/0035-generalized-2-4-8-8-8.pddl,12.09,137.69921875
asp_general,generalized,11,2,4,10,10,10,domains/0036-generalized-2-4-10-10-10.pddl,-1,-0.0009765625
asp_general,generalized,12,2,4,11,11,11,domains/0037-generalized-2-4-11-11-11.pddl,-1,-0.0009765625
asp_general,generalized,13,2,4,12,12,12,domains/0038-generalized-2-4-12-12-12.pddl,-1,-0.0009765625
asp_general,generalized,14,2,4,13,13,13,domains/0039-generalized-2-4-13-13-13.pddl,-1,-0.0009765625
asp_general,generalized,15,2,4,14,14,14,domains/0040-generalized-2-4-14-14-14.pddl,-1,-0.0009765625
asp_general,generalized,17,2,4,16,16,16,domains/0041-generalized-2-4-16-16-16.pddl,-1,-0.0009765625
asp_general,generalized,18,2,4,17,17,17,domains/0042-generalized-2-4-17-17-17.pddl,-1,-0.0009765625
asp_general,generalized,19,2,4,18,18,18,domains/0043-generalized-2-4-18-18-18.pddl,-1,-0.0009765625
asp_general,generalized,20,2,4,19,19,19,domains/0044-generalized-2-4-19-19-19.pddl,-1,-0.0009765625
asp_general,generalized,21,2,4,20,20,20,domains/0045-generalized-2-4-20-20-20.pddl,-1,-0.0009765625
