approach,domain_type,horizon,i,path,runtime_seconds,set_size_mb
dfs,multiplePathsDeadEnds,-1,1,domains/0101-multiplePathsDeadEnds-1.pddl,0.06,18.08203125
dfs,multiplePathsDeadEnds,-1,2,domains/0102-multiplePathsDeadEnds-2.pddl,0.06,18.1640625
dfs,multiplePathsDeadEnds,-1,3,domains/0103-multiplePathsDeadEnds-3.pddl,0.07,18.3515625
dfs,multiplePathsDeadEnds,-1,4,domains/0104-multiplePathsDeadEnds-4.pddl,0.07,18.25390625
dfs,multiplePathsDeadEnds,-1,5,domains/0105-multiplePathsDeadEnds-5.pddl,0.06,18.08203125
dfs,multiplePathsDeadEnds,-1,6,domains/0106-multiplePathsDeadEnds-6.pddl,0.07,18.45703125
dfs,multiplePathsDeadEnds,-1,7,domains/0107-multiplePathsDeadEnds-7.pddl,0.08,18.3125
dfs,multiplePathsDeadEnds,-1,8,domains/0108-multiplePathsDeadEnds-8.pddl,0.11,18.578125
dfs,multiplePathsDeadEnds,-1,9,domains/0109-multiplePathsDeadEnds-9.pddl,0.27,19.7734375
dfs,multiplePathsDeadEnds,-1,10,domains/0110-multiplePathsDeadEnds-10.pddl,0.8,21.4609375
dfs,multiplePathsDeadEnds,-1,11,domains/0111-multiplePathsDeadEnds-11.pddl,3.46,25.4296875
dfs,multiplePathsDeadEnds,-1,12,domains/0112-multiplePathsDeadEnds-12.pddl,13.92,33.85546875
dfs,multiplePathsDeadEnds,-1,13,domains/0113-multiplePathsDeadEnds-13.pddl,62.97,51.5703125
dfs,multiplePathsDeadEnds,-1,14,domains/0114-multiplePathsDeadEnds-14.pddl,-1,-0.0009765625
