approach,domain_type,horizon,num_plans_success,length_plans_success,length_plans_dead_end,num_plans_dead_end,domain_size,path,runtime_seconds,set_size_mb
asp_simple,generalized,5,1,4,4,4,4,domains/0151-generalized-1-4-4-4-4.pddl,0.01,5.703125
asp_simple,generalized,5,1,4,5,4,4,domains/0152-generalized-1-4-5-4-4.pddl,0.01,5.859375
asp_simple,generalized,5,1,4,6,4,4,domains/0153-generalized-1-4-6-4-4.pddl,0.01,5.9453125
asp_simple,generalized,5,1,4,7,4,4,domains/0154-generalized-1-4-7-4-4.pddl,0.01,6.12109375
asp_simple,generalized,5,1,4,8,4,4,domains/0155-generalized-1-4-8-4-4.pddl,0.01,6.21484375
asp_simple,generalized,5,1,4,10,4,4,domains/0156-generalized-1-4-10-4-4.pddl,0.01,6.4140625
asp_simple,generalized,5,1,4,11,4,4,domains/0157-generalized-1-4-11-4-4.pddl,0.01,6.5078125
asp_simple,generalized,5,1,4,12,4,4,domains/0158-generalized-1-4-12-4-4.pddl,0.01,6.8359375
asp_simple,generalized,5,1,4,13,4,4,domains/0159-generalized-1-4-13-4-4.pddl,0.01,6.95703125
asp_simple,generalized,5,1,4,14,4,4,domains/0160-generalized-1-4-14-4-4.pddl,0.01,7.0703125
asp_simple,generalized,5,1,4,16,4,4,domains/0161-generalized-1-4-16-4-4.pddl,0.01,7.3515625
asp_simple,generalized,5,1,4,17,4,4,domains/0162-generalized-1-4-17-4-4.pddl,0.01,7.45703125
asp_simple,generalized,5,1,4,18,4,4,domains/0163-generalized-1-4-18-4-4.pddl,0.02,7.57421875
asp_simple,generalized,5,1,4,19,4,4,domains/0164-generalized-1-4-19-4-4.pddl,0.02,7.69921875
asp_simple,generalized,5,1,4,20,4,4,domains/0165-generalized-1-4-20-4-4.pddl,0.02,7.8125