approach,domain_type,horizon,num_plans_success,length_plans_success,length_plans_dead_end,num_plans_dead_end,domain_size,path,runtime_seconds,set_size_mb
asp_general,generalized,5,1,4,2,4,4,domains/0166-generalized-1-4-2-4-4.pddl,0.01,5.9375
asp_general,generalized,6,1,5,2,5,5,domains/0167-generalized-1-5-2-5-5.pddl,0.01,6.66796875
asp_general,generalized,7,1,6,3,6,6,domains/0168-generalized-1-6-3-6-6.pddl,0.03,9.18359375
asp_general,generalized,8,1,7,3,7,7,domains/0169-generalized-1-7-3-7-7.pddl,0.04,11.69921875
asp_general,generalized,9,1,8,4,8,8,domains/0170-generalized-1-8-4-8-8.pddl,0.09,19.21484375
asp_general,generalized,11,1,10,5,10,10,domains/0171-generalized-1-10-5-10-10.pddl,0.42,43.59375
asp_general,generalized,12,1,11,5,11,11,domains/0172-generalized-1-11-5-11-11.pddl,0.93,56.421875
asp_general,generalized,13,1,12,6,12,12,domains/0173-generalized-1-12-6-12-12.pddl,2.95,93.28125
asp_general,generalized,14,1,13,6,13,13,domains/0174-generalized-1-13-6-13-13.pddl,3.56,117.4609375
asp_general,generalized,15,1,14,7,14,14,domains/0175-generalized-1-14-7-14-14.pddl,9.06,186.83203125
asp_general,generalized,17,1,16,8,16,16,domains/0176-generalized-1-16-8-16-16.pddl,82.99,347.984375
asp_general,generalized,18,1,17,8,17,17,domains/0177-generalized-1-17-8-17-17.pddl,-1,-0.0009765625
asp_general,generalized,19,1,18,9,18,18,domains/0178-generalized-1-18-9-18-18.pddl,-1,-0.0009765625
asp_general,generalized,20,1,19,9,19,19,domains/0179-generalized-1-19-9-19-19.pddl,-1,-0.0009765625
asp_general,generalized,21,1,20,10,20,20,domains/0180-generalized-1-20-10-20-20.pddl,-1,-0.0009765625
