approach,domain,generatorArgument,path,runtimeInseconds,setSizeInmb
asp,multiplePathsDeadEnds,001,domains/multiplePathsDeadEnds_d001.pddl,0.01,4.98046875
asp,multiplePathsDeadEnds,002,domains/multiplePathsDeadEnds_d002.pddl,0.0,5.1015625
asp,multiplePathsDeadEnds,003,domains/multiplePathsDeadEnds_d003.pddl,0.01,5.2734375
asp,multiplePathsDeadEnds,004,domains/multiplePathsDeadEnds_d004.pddl,0.01,5.4921875
asp,multiplePathsDeadEnds,005,domains/multiplePathsDeadEnds_d005.pddl,0.01,5.9296875
asp,multiplePathsDeadEnds,006,domains/multiplePathsDeadEnds_d006.pddl,0.02,6.37890625
asp,multiplePathsDeadEnds,007,domains/multiplePathsDeadEnds_d007.pddl,0.02,7.0859375
asp,multiplePathsDeadEnds,008,domains/multiplePathsDeadEnds_d008.pddl,0.03,7.98046875
asp,multiplePathsDeadEnds,009,domains/multiplePathsDeadEnds_d009.pddl,0.04,9.1171875
asp,multiplePathsDeadEnds,010,domains/multiplePathsDeadEnds_d010.pddl,0.09,10.44921875
asp,multiplePathsDeadEnds,011,domains/multiplePathsDeadEnds_d011.pddl,0.09,12.21875
asp,multiplePathsDeadEnds,012,domains/multiplePathsDeadEnds_d012.pddl,0.2,14.00390625
asp,multiplePathsDeadEnds,013,domains/multiplePathsDeadEnds_d013.pddl,0.21,16.109375
asp,multiplePathsDeadEnds,014,domains/multiplePathsDeadEnds_d014.pddl,0.49,17.796875
asp,multiplePathsDeadEnds,015,domains/multiplePathsDeadEnds_d015.pddl,0.63,20.7734375
asp,multiplePathsDeadEnds,016,domains/multiplePathsDeadEnds_d016.pddl,0.68,24.046875
asp,multiplePathsDeadEnds,017,domains/multiplePathsDeadEnds_d017.pddl,1.45,27.78515625
asp,multiplePathsDeadEnds,018,domains/multiplePathsDeadEnds_d018.pddl,1.6400000000000001,31.8203125
asp,multiplePathsDeadEnds,019,domains/multiplePathsDeadEnds_d019.pddl,2.59,35.77734375
asp,multiplePathsDeadEnds,020,domains/multiplePathsDeadEnds_d020.pddl,3.46,40.67578125
asp,multiplePathsDeadEnds,021,domains/multiplePathsDeadEnds_d021.pddl,5.06,46.8359375
asp,multiplePathsDeadEnds,022,domains/multiplePathsDeadEnds_d022.pddl,5.91,53.29296875
asp,multiplePathsDeadEnds,023,domains/multiplePathsDeadEnds_d023.pddl,9.52,59.77734375
asp,multiplePathsDeadEnds,024,domains/multiplePathsDeadEnds_d024.pddl,12.81,66.4296875
asp,multiplePathsDeadEnds,025,domains/multiplePathsDeadEnds_d025.pddl,14.51,75.109375
asp,multiplePathsDeadEnds,026,domains/multiplePathsDeadEnds_d026.pddl,22.51,82.76953125
asp,multiplePathsDeadEnds,027,domains/multiplePathsDeadEnds_d027.pddl,41.37,96.05078125
asp,multiplePathsDeadEnds,028,domains/multiplePathsDeadEnds_d028.pddl,41.48,105.55859375
asp,multiplePathsDeadEnds,029,domains/multiplePathsDeadEnds_d029.pddl,56.75,115.4140625
asp,multiplePathsDeadEnds,030,domains/multiplePathsDeadEnds_d030.pddl,66.6,127.296875
asp,multiplePathsDeadEnds,031,domains/multiplePathsDeadEnds_d031.pddl,116.79,140.78125
asp,multiplePathsDeadEnds,032,domains/multiplePathsDeadEnds_d032.pddl,113.66,155.38671875
asp,multiplePathsDeadEnds,033,domains/multiplePathsDeadEnds_d033.pddl,209.19,172.90625
asp,multiplePathsDeadEnds,034,domains/multiplePathsDeadEnds_d034.pddl,233.25,191.015625
asp,multiplePathsDeadEnds,035,domains/multiplePathsDeadEnds_d035.pddl,330.28,206.9375
asp,multiplePathsDeadEnds,036,domains/multiplePathsDeadEnds_d036.pddl,446.15,225.27734375
