approach,domain_type,horizon,m,n,node_a,node_b,domain_size,path,runtime_seconds,set_size_mb
dfs,barabasiAlbertLongestShortestPath-1,-1,1,10,3,8,2,domains/0001-barabasiAlbertLongestShortestPath-1-10-3-8-2.pddl,0.06,18.13671875
dfs,barabasiAlbertLongestShortestPath-1,-1,1,20,3,16,3,domains/0002-barabasiAlbertLongestShortestPath-1-20-3-16-3.pddl,0.06,18.21875
dfs,barabasiAlbertLongestShortestPath-1,-1,1,30,3,16,3,domains/0003-barabasiAlbertLongestShortestPath-1-30-3-16-3.pddl,0.06,18.2421875
dfs,barabasiAlbertLongestShortestPath-1,-1,1,40,3,16,3,domains/0004-barabasiAlbertLongestShortestPath-1-40-3-16-3.pddl,0.07,18.390625
dfs,barabasiAlbertLongestShortestPath-1,-1,1,50,3,44,3,domains/0005-barabasiAlbertLongestShortestPath-1-50-3-44-3.pddl,0.08,18.9609375
dfs,barabasiAlbertLongestShortestPath-1,-1,1,60,3,44,3,domains/0006-barabasiAlbertLongestShortestPath-1-60-3-44-3.pddl,0.1,19.68359375
dfs,barabasiAlbertLongestShortestPath-1,-1,1,70,3,44,3,domains/0007-barabasiAlbertLongestShortestPath-1-70-3-44-3.pddl,0.15,21.28515625
dfs,barabasiAlbertLongestShortestPath-1,-1,1,80,3,44,3,domains/0008-barabasiAlbertLongestShortestPath-1-80-3-44-3.pddl,0.41,26.21484375
dfs,barabasiAlbertLongestShortestPath-1,-1,1,90,3,81,4,domains/0009-barabasiAlbertLongestShortestPath-1-90-3-81-4.pddl,1.13,36.0859375
dfs,barabasiAlbertLongestShortestPath-1,-1,1,100,3,81,4,domains/0010-barabasiAlbertLongestShortestPath-1-100-3-81-4.pddl,1.64,45.23046875
dfs,barabasiAlbertLongestShortestPath-1,-1,1,110,3,81,4,domains/0011-barabasiAlbertLongestShortestPath-1-110-3-81-4.pddl,3.52,69.30859375
dfs,barabasiAlbertLongestShortestPath-1,-1,1,120,3,81,4,domains/0012-barabasiAlbertLongestShortestPath-1-120-3-81-4.pddl,8.57,114.79296875
dfs,barabasiAlbertLongestShortestPath-1,-1,1,130,3,81,4,domains/0013-barabasiAlbertLongestShortestPath-1-130-3-81-4.pddl,20.37,201.79296875
dfs,barabasiAlbertLongestShortestPath-1,-1,1,140,3,81,4,domains/0014-barabasiAlbertLongestShortestPath-1-140-3-81-4.pddl,23.22,217.73828125
dfs,barabasiAlbertLongestShortestPath-1,-1,1,150,3,81,4,domains/0015-barabasiAlbertLongestShortestPath-1-150-3-81-4.pddl,37.16,298.765625
dfs,barabasiAlbertLongestShortestPath-1,-1,1,160,3,81,4,domains/0016-barabasiAlbertLongestShortestPath-1-160-3-81-4.pddl,44.84,332.58203125
dfs,barabasiAlbertLongestShortestPath-1,-1,1,170,3,81,4,domains/0017-barabasiAlbertLongestShortestPath-1-170-3-81-4.pddl,-1,1608.3125
dfs,barabasiAlbertLongestShortestPath-1,-1,1,180,3,81,4,domains/0018-barabasiAlbertLongestShortestPath-1-180-3-81-4.pddl,-1,5117.92578125
dfs,barabasiAlbertLongestShortestPath-1,-1,1,190,3,81,4,domains/0019-barabasiAlbertLongestShortestPath-1-190-3-81-4.pddl,-1,-1
dfs,barabasiAlbertLongestShortestPath-1,-1,1,200,3,81,4,domains/0020-barabasiAlbertLongestShortestPath-1-200-3-81-4.pddl,-1,-1
