approach,domain,generatorArgument,path,runtimeInseconds,setSizeInmb
dfs,multiplePathsDeadEnds,001,domains/multiplePathsDeadEnds_d001.pddl,0.06,18.23046875
dfs,multiplePathsDeadEnds,002,domains/multiplePathsDeadEnds_d002.pddl,0.06,18.04296875
dfs,multiplePathsDeadEnds,003,domains/multiplePathsDeadEnds_d003.pddl,0.08,18.05078125
dfs,multiplePathsDeadEnds,004,domains/multiplePathsDeadEnds_d004.pddl,0.06,18.0859375
dfs,multiplePathsDeadEnds,005,domains/multiplePathsDeadEnds_d005.pddl,0.08,18.10546875
dfs,multiplePathsDeadEnds,006,domains/multiplePathsDeadEnds_d006.pddl,0.1,18.078125
dfs,multiplePathsDeadEnds,007,domains/multiplePathsDeadEnds_d007.pddl,0.1,18.453125
dfs,multiplePathsDeadEnds,008,domains/multiplePathsDeadEnds_d008.pddl,0.2,18.5859375
dfs,multiplePathsDeadEnds,009,domains/multiplePathsDeadEnds_d009.pddl,0.35,19.6875
dfs,multiplePathsDeadEnds,010,domains/multiplePathsDeadEnds_d010.pddl,1.1400000000000001,21.22265625
dfs,multiplePathsDeadEnds,011,domains/multiplePathsDeadEnds_d011.pddl,4.72,25.3671875
dfs,multiplePathsDeadEnds,012,domains/multiplePathsDeadEnds_d012.pddl,18.81,33.7421875
dfs,multiplePathsDeadEnds,013,domains/multiplePathsDeadEnds_d013.pddl,85.11,51.5078125
dfs,multiplePathsDeadEnds,014,domains/multiplePathsDeadEnds_d014.pddl,476.35,88.953125
