approach,domain_type,horizon,num_plans_success,length_plans_success,length_plans_dead_end,num_plans_dead_end,domain_size,path,runtime_seconds,set_size_mb
asp_general,generalized,5,1,4,4,4,4,domains/0001-generalized-1-4-4-4-4.pddl,0.03,10.10546875
asp_general,generalized,5,1,4,5,4,4,domains/0002-generalized-1-4-5-4-4.pddl,0.04,12.0546875
asp_general,generalized,5,1,4,6,4,4,domains/0003-generalized-1-4-6-4-4.pddl,0.08,14.203125
asp_general,generalized,5,1,4,7,4,4,domains/0004-generalized-1-4-7-4-4.pddl,0.37,19.51171875
asp_general,generalized,5,1,4,8,4,4,domains/0005-generalized-1-4-8-4-4.pddl,0.14,19.95703125
asp_general,generalized,5,1,4,10,4,4,domains/0006-generalized-1-4-10-4-4.pddl,0.19,26.94921875
asp_general,generalized,5,1,4,11,4,4,domains/0007-generalized-1-4-11-4-4.pddl,1.6800000000000002,39.2890625
asp_general,generalized,5,1,4,12,4,4,domains/0008-generalized-1-4-12-4-4.pddl,0.48,37.62109375
asp_general,generalized,5,1,4,13,4,4,domains/0009-generalized-1-4-13-4-4.pddl,0.28,39.69140625
asp_general,generalized,5,1,4,14,4,4,domains/0010-generalized-1-4-14-4-4.pddl,2.25,62.234375
asp_general,generalized,5,1,4,16,4,4,domains/0011-generalized-1-4-16-4-4.pddl,1.15,67.859375
asp_general,generalized,5,1,4,17,4,4,domains/0012-generalized-1-4-17-4-4.pddl,2.52,74.19921875
asp_general,generalized,5,1,4,18,4,4,domains/0013-generalized-1-4-18-4-4.pddl,1.24,78.90234375
asp_general,generalized,5,1,4,19,4,4,domains/0014-generalized-1-4-19-4-4.pddl,4.47,99.61328125
asp_general,generalized,5,1,4,20,4,4,domains/0015-generalized-1-4-20-4-4.pddl,3.07,109.05078125