approach,domain_type,horizon,num_plans_success,length_plans_success,length_plans_dead_end,num_plans_dead_end,domain_size,path,runtime_seconds,set_size_mb
asp_simple,generalized,5,1,4,4,4,4,domains/0001-generalized-1-4-4-4-4.pddl,0.01,6.2109375
asp_simple,generalized,5,1,4,5,4,4,domains/0002-generalized-1-4-5-4-4.pddl,0.01,6.390625
asp_simple,generalized,5,1,4,6,4,4,domains/0003-generalized-1-4-6-4-4.pddl,0.01,6.57421875
asp_simple,generalized,5,1,4,7,4,4,domains/0004-generalized-1-4-7-4-4.pddl,0.01,6.796875
asp_simple,generalized,5,1,4,8,4,4,domains/0005-generalized-1-4-8-4-4.pddl,0.01,6.97265625
asp_simple,generalized,5,1,4,10,4,4,domains/0006-generalized-1-4-10-4-4.pddl,0.01,7.40234375
asp_simple,generalized,5,1,4,11,4,4,domains/0007-generalized-1-4-11-4-4.pddl,0.01,7.57421875
asp_simple,generalized,5,1,4,12,4,4,domains/0008-generalized-1-4-12-4-4.pddl,0.02,7.75390625
asp_simple,generalized,5,1,4,13,4,4,domains/0009-generalized-1-4-13-4-4.pddl,0.02,7.90625
asp_simple,generalized,5,1,4,14,4,4,domains/0010-generalized-1-4-14-4-4.pddl,0.02,8.15234375
asp_simple,generalized,5,1,4,16,4,4,domains/0011-generalized-1-4-16-4-4.pddl,0.02,8.69921875
asp_simple,generalized,5,1,4,17,4,4,domains/0012-generalized-1-4-17-4-4.pddl,0.02,8.71875
asp_simple,generalized,5,1,4,18,4,4,domains/0013-generalized-1-4-18-4-4.pddl,0.02,9.08203125
asp_simple,generalized,5,1,4,19,4,4,domains/0014-generalized-1-4-19-4-4.pddl,0.02,9.1015625
asp_simple,generalized,5,1,4,20,4,4,domains/0015-generalized-1-4-20-4-4.pddl,0.02,9.4296875