approach,domain_type,horizon,m,n,node_a,node_b,domain_size,path,runtime_seconds,set_size_mb
bfs,barabasiAlbertLongestShortestPath-5,-1,5,10,0,1,1,domains/0001-barabasiAlbertLongestShortestPath-5-10-0-1-1.pddl,0.07,18.16015625
bfs,barabasiAlbertLongestShortestPath-5,-1,5,20,0,14,2,domains/0002-barabasiAlbertLongestShortestPath-5-20-0-14-2.pddl,0.07,18.31640625
bfs,barabasiAlbertLongestShortestPath-5,-1,5,30,0,14,2,domains/0003-barabasiAlbertLongestShortestPath-5-30-0-14-2.pddl,0.07,18.3046875
bfs,barabasiAlbertLongestShortestPath-5,-1,5,40,0,14,2,domains/0004-barabasiAlbertLongestShortestPath-5-40-0-14-2.pddl,0.07,18.47265625
bfs,barabasiAlbertLongestShortestPath-5,-1,5,50,0,14,2,domains/0005-barabasiAlbertLongestShortestPath-5-50-0-14-2.pddl,0.07,18.55859375
bfs,barabasiAlbertLongestShortestPath-5,-1,5,60,0,14,2,domains/0006-barabasiAlbertLongestShortestPath-5-60-0-14-2.pddl,0.07,19.015625
bfs,barabasiAlbertLongestShortestPath-5,-1,5,70,0,14,2,domains/0007-barabasiAlbertLongestShortestPath-5-70-0-14-2.pddl,0.07,19.10546875
bfs,barabasiAlbertLongestShortestPath-5,-1,5,80,0,14,2,domains/0008-barabasiAlbertLongestShortestPath-5-80-0-14-2.pddl,0.08,19.3671875
bfs,barabasiAlbertLongestShortestPath-5,-1,5,90,0,14,2,domains/0009-barabasiAlbertLongestShortestPath-5-90-0-14-2.pddl,0.09,19.62890625
bfs,barabasiAlbertLongestShortestPath-5,-1,5,100,0,14,2,domains/0010-barabasiAlbertLongestShortestPath-5-100-0-14-2.pddl,0.08,19.58984375
bfs,barabasiAlbertLongestShortestPath-5,-1,5,110,9,25,3,domains/0011-barabasiAlbertLongestShortestPath-5-110-9-25-3.pddl,0.2,24.421875
bfs,barabasiAlbertLongestShortestPath-5,-1,5,120,0,117,3,domains/0012-barabasiAlbertLongestShortestPath-5-120-0-117-3.pddl,0.43,27.85546875
bfs,barabasiAlbertLongestShortestPath-5,-1,5,130,9,25,3,domains/0013-barabasiAlbertLongestShortestPath-5-130-9-25-3.pddl,0.29,26.8359375
bfs,barabasiAlbertLongestShortestPath-5,-1,5,140,0,132,3,domains/0014-barabasiAlbertLongestShortestPath-5-140-0-132-3.pddl,0.35,32.73046875
bfs,barabasiAlbertLongestShortestPath-5,-1,5,150,0,132,3,domains/0015-barabasiAlbertLongestShortestPath-5-150-0-132-3.pddl,0.41,34.1171875
bfs,barabasiAlbertLongestShortestPath-5,-1,5,160,0,132,3,domains/0016-barabasiAlbertLongestShortestPath-5-160-0-132-3.pddl,0.42,34.7109375
bfs,barabasiAlbertLongestShortestPath-5,-1,5,170,0,132,3,domains/0017-barabasiAlbertLongestShortestPath-5-170-0-132-3.pddl,0.45,36.04296875
bfs,barabasiAlbertLongestShortestPath-5,-1,5,180,0,132,3,domains/0018-barabasiAlbertLongestShortestPath-5-180-0-132-3.pddl,0.52,37.26953125
bfs,barabasiAlbertLongestShortestPath-5,-1,5,190,7,50,3,domains/0019-barabasiAlbertLongestShortestPath-5-190-7-50-3.pddl,0.48,35.92578125
bfs,barabasiAlbertLongestShortestPath-5,-1,5,200,7,50,3,domains/0020-barabasiAlbertLongestShortestPath-5-200-7-50-3.pddl,0.51,37.1484375
