approach,domain_type,horizon,i,path,runtime_seconds,set_size_mb
dfs,multiplePaths,-1,1,domains/0051-multiplePaths-1.pddl,0.07,18.15625
dfs,multiplePaths,-1,2,domains/0052-multiplePaths-2.pddl,0.06,18.16796875
dfs,multiplePaths,-1,3,domains/0053-multiplePaths-3.pddl,0.07,18.1640625
dfs,multiplePaths,-1,4,domains/0054-multiplePaths-4.pddl,0.06,18.18359375
dfs,multiplePaths,-1,5,domains/0055-multiplePaths-5.pddl,0.06,18.23828125
dfs,multiplePaths,-1,6,domains/0056-multiplePaths-6.pddl,0.06,18.16796875
dfs,multiplePaths,-1,7,domains/0057-multiplePaths-7.pddl,0.06,18.1015625
dfs,multiplePaths,-1,8,domains/0058-multiplePaths-8.pddl,0.06,18.1875
dfs,multiplePaths,-1,9,domains/0059-multiplePaths-9.pddl,0.07,18.28125
dfs,multiplePaths,-1,10,domains/0060-multiplePaths-10.pddl,0.06,18.3203125
dfs,multiplePaths,-1,11,domains/0061-multiplePaths-11.pddl,0.07,18.3359375
dfs,multiplePaths,-1,12,domains/0062-multiplePaths-12.pddl,0.07,18.26171875
dfs,multiplePaths,-1,13,domains/0063-multiplePaths-13.pddl,0.07,18.265625
dfs,multiplePaths,-1,14,domains/0064-multiplePaths-14.pddl,0.07,18.453125
dfs,multiplePaths,-1,15,domains/0065-multiplePaths-15.pddl,0.08,18.546875
dfs,multiplePaths,-1,16,domains/0066-multiplePaths-16.pddl,0.08,18.6875
dfs,multiplePaths,-1,17,domains/0067-multiplePaths-17.pddl,0.1,18.78125
dfs,multiplePaths,-1,18,domains/0068-multiplePaths-18.pddl,0.09,18.87890625
dfs,multiplePaths,-1,19,domains/0069-multiplePaths-19.pddl,0.09,18.86328125
dfs,multiplePaths,-1,20,domains/0070-multiplePaths-20.pddl,0.11,19.08984375
dfs,multiplePaths,-1,21,domains/0071-multiplePaths-21.pddl,0.11,19.4296875
dfs,multiplePaths,-1,22,domains/0072-multiplePaths-22.pddl,0.12,19.54296875
dfs,multiplePaths,-1,23,domains/0073-multiplePaths-23.pddl,0.14,19.87109375
dfs,multiplePaths,-1,24,domains/0074-multiplePaths-24.pddl,0.15,20.21875
dfs,multiplePaths,-1,25,domains/0075-multiplePaths-25.pddl,0.17,20.4375
dfs,multiplePaths,-1,26,domains/0076-multiplePaths-26.pddl,0.2,20.8359375
dfs,multiplePaths,-1,27,domains/0077-multiplePaths-27.pddl,0.21,21.0390625
dfs,multiplePaths,-1,28,domains/0078-multiplePaths-28.pddl,0.25,21.5
dfs,multiplePaths,-1,29,domains/0079-multiplePaths-29.pddl,0.28,21.76171875
dfs,multiplePaths,-1,30,domains/0080-multiplePaths-30.pddl,0.31,22.16015625
dfs,multiplePaths,-1,31,domains/0081-multiplePaths-31.pddl,0.35,22.8125
dfs,multiplePaths,-1,32,domains/0082-multiplePaths-32.pddl,0.41,22.96875
dfs,multiplePaths,-1,33,domains/0083-multiplePaths-33.pddl,0.46,23.69921875
dfs,multiplePaths,-1,34,domains/0084-multiplePaths-34.pddl,0.53,24.32421875
dfs,multiplePaths,-1,35,domains/0085-multiplePaths-35.pddl,0.69,24.98828125
dfs,multiplePaths,-1,36,domains/0086-multiplePaths-36.pddl,0.68,25.58203125
dfs,multiplePaths,-1,37,domains/0087-multiplePaths-37.pddl,0.75,26.3515625
dfs,multiplePaths,-1,38,domains/0088-multiplePaths-38.pddl,0.85,27.20703125
dfs,multiplePaths,-1,39,domains/0089-multiplePaths-39.pddl,0.97,27.8828125
dfs,multiplePaths,-1,40,domains/0090-multiplePaths-40.pddl,1.15,28.8203125
dfs,multiplePaths,-1,41,domains/0091-multiplePaths-41.pddl,1.2,29.64453125
dfs,multiplePaths,-1,42,domains/0092-multiplePaths-42.pddl,1.3599999999999999,30.70703125
dfs,multiplePaths,-1,43,domains/0093-multiplePaths-43.pddl,1.5,31.90625
dfs,multiplePaths,-1,44,domains/0094-multiplePaths-44.pddl,1.72,32.6328125
dfs,multiplePaths,-1,45,domains/0095-multiplePaths-45.pddl,2.12,33.7421875
dfs,multiplePaths,-1,46,domains/0096-multiplePaths-46.pddl,2.07,35.07421875
dfs,multiplePaths,-1,47,domains/0097-multiplePaths-47.pddl,2.63,36.59375
dfs,multiplePaths,-1,48,domains/0098-multiplePaths-48.pddl,2.7,37.765625
dfs,multiplePaths,-1,49,domains/0099-multiplePaths-49.pddl,3.01,39.29296875
dfs,multiplePaths,-1,50,domains/0100-multiplePaths-50.pddl,3.18,40.8046875
