approach,domain_type,horizon,num_plans_success,length_plans_success,length_plans_dead_end,num_plans_dead_end,domain_size,path,runtime_seconds,set_size_mb
dfs,generalized,-1,1,4,4,4,4,domains/0151-generalized-1-4-4-4-4.pddl,0.08,18.16015625
dfs,generalized,-1,1,4,5,4,4,domains/0152-generalized-1-4-5-4-4.pddl,0.07,18.2734375
dfs,generalized,-1,1,4,6,4,4,domains/0153-generalized-1-4-6-4-4.pddl,0.07,18.60546875
dfs,generalized,-1,1,4,7,4,4,domains/0154-generalized-1-4-7-4-4.pddl,0.07,18.484375
dfs,generalized,-1,1,4,8,4,4,domains/0155-generalized-1-4-8-4-4.pddl,0.07,18.4453125
dfs,generalized,-1,1,4,10,4,4,domains/0156-generalized-1-4-10-4-4.pddl,0.08,18.81640625
dfs,generalized,-1,1,4,11,4,4,domains/0157-generalized-1-4-11-4-4.pddl,0.08,18.85546875
dfs,generalized,-1,1,4,12,4,4,domains/0158-generalized-1-4-12-4-4.pddl,0.08,19.265625
dfs,generalized,-1,1,4,13,4,4,domains/0159-generalized-1-4-13-4-4.pddl,0.08,19.609375
dfs,generalized,-1,1,4,14,4,4,domains/0160-generalized-1-4-14-4-4.pddl,0.09,19.84765625
dfs,generalized,-1,1,4,16,4,4,domains/0161-generalized-1-4-16-4-4.pddl,0.09,20.625
dfs,generalized,-1,1,4,17,4,4,domains/0162-generalized-1-4-17-4-4.pddl,0.1,21.20703125
dfs,generalized,-1,1,4,18,4,4,domains/0163-generalized-1-4-18-4-4.pddl,0.11,21.71484375
dfs,generalized,-1,1,4,19,4,4,domains/0164-generalized-1-4-19-4-4.pddl,0.11,22.2734375
dfs,generalized,-1,1,4,20,4,4,domains/0165-generalized-1-4-20-4-4.pddl,0.12,22.7578125