approach,domain_type,horizon,num_plans_success,length_plans_success,length_plans_dead_end,num_plans_dead_end,domain_size,path,runtime_seconds,set_size_mb
asp_simple,generalized,5,2,4,4,4,4,domains/0181-generalized-2-4-4-4-4.pddl,0.01,5.8515625
asp_simple,generalized,6,2,4,5,5,5,domains/0182-generalized-2-4-5-5-5.pddl,0.01,6.33203125
asp_simple,generalized,7,2,4,6,6,6,domains/0183-generalized-2-4-6-6-6.pddl,0.01,6.97265625
asp_simple,generalized,8,2,4,7,7,7,domains/0184-generalized-2-4-7-7-7.pddl,0.02,7.6875
asp_simple,generalized,9,2,4,8,8,8,domains/0185-generalized-2-4-8-8-8.pddl,0.02,9.046875
asp_simple,generalized,11,2,4,10,10,10,domains/0186-generalized-2-4-10-10-10.pddl,0.03,11.6171875
asp_simple,generalized,12,2,4,11,11,11,domains/0187-generalized-2-4-11-11-11.pddl,0.04,13.60546875
asp_simple,generalized,13,2,4,12,12,12,domains/0188-generalized-2-4-12-12-12.pddl,0.05,15.6796875
asp_simple,generalized,14,2,4,13,13,13,domains/0189-generalized-2-4-13-13-13.pddl,0.06,18.21875
asp_simple,generalized,15,2,4,14,14,14,domains/0190-generalized-2-4-14-14-14.pddl,0.08,21.5234375
asp_simple,generalized,17,2,4,16,16,16,domains/0191-generalized-2-4-16-16-16.pddl,0.11,28.6875
asp_simple,generalized,18,2,4,17,17,17,domains/0192-generalized-2-4-17-17-17.pddl,0.15,33.19140625
asp_simple,generalized,19,2,4,18,18,18,domains/0193-generalized-2-4-18-18-18.pddl,0.26,38.59765625
asp_simple,generalized,20,2,4,19,19,19,domains/0194-generalized-2-4-19-19-19.pddl,0.21,43.5078125
asp_simple,generalized,21,2,4,20,20,20,domains/0195-generalized-2-4-20-20-20.pddl,0.3,49.03515625
