approach,domain,generatorArgument,path,runtimeInseconds,setSizeInmb
dfs,singlePath,010,domains/singlePath_d010.pddl,0.13,18.234375
dfs,singlePath,020,domains/singlePath_d020.pddl,0.07,18.15625
dfs,singlePath,030,domains/singlePath_d030.pddl,0.08,18.11328125
dfs,singlePath,040,domains/singlePath_d040.pddl,0.07,18.35546875
dfs,singlePath,050,domains/singlePath_d050.pddl,0.07,18.15234375
dfs,singlePath,060,domains/singlePath_d060.pddl,0.07,18.28515625
dfs,singlePath,070,domains/singlePath_d070.pddl,0.07,18.61328125
dfs,singlePath,080,domains/singlePath_d080.pddl,0.08,18.46484375
dfs,singlePath,090,domains/singlePath_d090.pddl,0.1,18.4375
dfs,singlePath,100,domains/singlePath_d100.pddl,0.09,18.69140625
dfs,singlePath,110,domains/singlePath_d110.pddl,0.1,18.6796875
dfs,singlePath,120,domains/singlePath_d120.pddl,0.11,19.05859375
dfs,singlePath,130,domains/singlePath_d130.pddl,0.11,19.19140625
dfs,singlePath,140,domains/singlePath_d140.pddl,0.12,19.125
dfs,singlePath,150,domains/singlePath_d150.pddl,0.14,19.58984375
dfs,singlePath,160,domains/singlePath_d160.pddl,0.15,19.625
dfs,singlePath,170,domains/singlePath_d170.pddl,0.16,19.92578125
dfs,singlePath,180,domains/singlePath_d180.pddl,0.17,19.90625
dfs,singlePath,190,domains/singlePath_d190.pddl,0.21,20.17578125
dfs,singlePath,200,domains/singlePath_d200.pddl,0.22,20.42578125
dfs,singlePath,210,domains/singlePath_d210.pddl,0.23,20.62109375
dfs,singlePath,220,domains/singlePath_d220.pddl,0.25,20.58984375
dfs,singlePath,230,domains/singlePath_d230.pddl,0.27,21.11328125
dfs,singlePath,240,domains/singlePath_d240.pddl,0.29,21.16796875
dfs,singlePath,250,domains/singlePath_d250.pddl,0.33,21.40625
dfs,singlePath,260,domains/singlePath_d260.pddl,0.34,21.6328125
dfs,singlePath,270,domains/singlePath_d270.pddl,0.37,22.21875
dfs,singlePath,280,domains/singlePath_d280.pddl,0.42,22.35546875
dfs,singlePath,290,domains/singlePath_d290.pddl,0.44,22.9296875
dfs,singlePath,300,domains/singlePath_d300.pddl,0.48,23.15625
dfs,singlePath,310,domains/singlePath_d310.pddl,0.52,23.44921875
dfs,singlePath,320,domains/singlePath_d320.pddl,0.56,23.91796875
dfs,singlePath,330,domains/singlePath_d330.pddl,0.59,24.45703125
dfs,singlePath,340,domains/singlePath_d340.pddl,0.65,24.58203125
dfs,singlePath,350,domains/singlePath_d350.pddl,0.69,25.23828125
dfs,singlePath,360,domains/singlePath_d360.pddl,0.73,25.56640625
dfs,singlePath,370,domains/singlePath_d370.pddl,0.8,25.78125
dfs,singlePath,380,domains/singlePath_d380.pddl,0.84,26.19921875
dfs,singlePath,390,domains/singlePath_d390.pddl,0.91,26.5234375
dfs,singlePath,400,domains/singlePath_d400.pddl,0.95,26.94140625
dfs,singlePath,410,domains/singlePath_d410.pddl,1.01,27.2265625
dfs,singlePath,420,domains/singlePath_d420.pddl,1.08,27.73828125
dfs,singlePath,430,domains/singlePath_d430.pddl,1.29,28.1953125
dfs,singlePath,440,domains/singlePath_d440.pddl,1.25,28.43359375
dfs,singlePath,450,domains/singlePath_d450.pddl,1.31,28.6875
dfs,singlePath,460,domains/singlePath_d460.pddl,1.37,29.1796875
dfs,singlePath,470,domains/singlePath_d470.pddl,1.46,29.6953125
dfs,singlePath,480,domains/singlePath_d480.pddl,1.5,29.86328125
dfs,singlePath,490,domains/singlePath_d490.pddl,1.62,30.3984375
dfs,singlePath,500,domains/singlePath_d500.pddl,1.69,30.59765625
