approach,domain_type,horizon,i,path,runtime_seconds,set_size_mb
asp_general,multiplePaths,3,1,domains/0051-multiplePaths-1.pddl,0.0,5.12890625
asp_general,multiplePaths,6,2,domains/0052-multiplePaths-2.pddl,0.0,5.234375
asp_general,multiplePaths,10,3,domains/0053-multiplePaths-3.pddl,0.01,5.390625
asp_general,multiplePaths,15,4,domains/0054-multiplePaths-4.pddl,0.43,7.34765625
asp_general,multiplePaths,21,5,domains/0055-multiplePaths-5.pddl,23.84,13.16015625
asp_general,multiplePaths,28,6,domains/0056-multiplePaths-6.pddl,3.81,12.22265625
asp_general,multiplePaths,36,7,domains/0057-multiplePaths-7.pddl,22.95,18.55859375
asp_general,multiplePaths,45,8,domains/0058-multiplePaths-8.pddl,62.63,21.75390625
asp_general,multiplePaths,55,9,domains/0059-multiplePaths-9.pddl,-1,-0.0009765625
