approach,domain,generatorArgument,path,runtimeInseconds,setSizeInmb
dfs,multiplePaths,001,domains/multiplePaths_d001.pddl,0.08,18.11328125
dfs,multiplePaths,002,domains/multiplePaths_d002.pddl,0.08,17.90625
dfs,multiplePaths,003,domains/multiplePaths_d003.pddl,0.08,17.94140625
dfs,multiplePaths,004,domains/multiplePaths_d004.pddl,0.07,18.25
dfs,multiplePaths,005,domains/multiplePaths_d005.pddl,0.07,18.0703125
dfs,multiplePaths,006,domains/multiplePaths_d006.pddl,0.07,17.9453125
dfs,multiplePaths,007,domains/multiplePaths_d007.pddl,0.07,18.30859375
dfs,multiplePaths,008,domains/multiplePaths_d008.pddl,0.07,18.33203125
dfs,multiplePaths,009,domains/multiplePaths_d009.pddl,0.07,18.14453125
dfs,multiplePaths,010,domains/multiplePaths_d010.pddl,0.07,18.05078125
dfs,multiplePaths,011,domains/multiplePaths_d011.pddl,0.08,18.3828125
dfs,multiplePaths,012,domains/multiplePaths_d012.pddl,0.08,18.0703125
dfs,multiplePaths,013,domains/multiplePaths_d013.pddl,0.09,18.21484375
dfs,multiplePaths,014,domains/multiplePaths_d014.pddl,0.08,18.45703125
dfs,multiplePaths,015,domains/multiplePaths_d015.pddl,0.1,18.3828125
dfs,multiplePaths,016,domains/multiplePaths_d016.pddl,0.12,18.48046875
dfs,multiplePaths,017,domains/multiplePaths_d017.pddl,0.12,18.59765625
dfs,multiplePaths,018,domains/multiplePaths_d018.pddl,0.11,18.6171875
dfs,multiplePaths,019,domains/multiplePaths_d019.pddl,0.13,18.79296875
dfs,multiplePaths,020,domains/multiplePaths_d020.pddl,0.13,19.234375
dfs,multiplePaths,021,domains/multiplePaths_d021.pddl,0.15,19.15234375
dfs,multiplePaths,022,domains/multiplePaths_d022.pddl,0.17,19.37109375
dfs,multiplePaths,023,domains/multiplePaths_d023.pddl,0.22,19.74609375
dfs,multiplePaths,024,domains/multiplePaths_d024.pddl,0.23,20.0078125
dfs,multiplePaths,025,domains/multiplePaths_d025.pddl,0.24,20.26953125
dfs,multiplePaths,026,domains/multiplePaths_d026.pddl,0.29,20.37890625
dfs,multiplePaths,027,domains/multiplePaths_d027.pddl,0.35,21.08984375
dfs,multiplePaths,028,domains/multiplePaths_d028.pddl,0.37,21.40234375
dfs,multiplePaths,029,domains/multiplePaths_d029.pddl,0.4,21.87109375
dfs,multiplePaths,030,domains/multiplePaths_d030.pddl,0.47,21.8828125
dfs,multiplePaths,031,domains/multiplePaths_d031.pddl,0.57,22.4453125
dfs,multiplePaths,032,domains/multiplePaths_d032.pddl,0.64,23.03125
dfs,multiplePaths,033,domains/multiplePaths_d033.pddl,0.7,23.5859375
dfs,multiplePaths,034,domains/multiplePaths_d034.pddl,0.78,24.06640625
dfs,multiplePaths,035,domains/multiplePaths_d035.pddl,0.88,24.83203125
dfs,multiplePaths,036,domains/multiplePaths_d036.pddl,1.01,25.34765625
