approach,domain_type,horizon,m,n,node_a,node_b,domain_size,path,runtime_seconds,set_size_mb
asp_simple,barabasiAlbertLongestShortestPath-1,3,1,10,3,8,2,domains/0001-barabasiAlbertLongestShortestPath-1-10-3-8-2.pddl,0.0,5.3984375
asp_simple,barabasiAlbertLongestShortestPath-1,4,1,20,3,16,3,domains/0002-barabasiAlbertLongestShortestPath-1-20-3-16-3.pddl,0.01,5.8203125
asp_simple,barabasiAlbertLongestShortestPath-1,4,1,30,3,16,3,domains/0003-barabasiAlbertLongestShortestPath-1-30-3-16-3.pddl,0.01,6.16015625
asp_simple,barabasiAlbertLongestShortestPath-1,4,1,40,3,16,3,domains/0004-barabasiAlbertLongestShortestPath-1-40-3-16-3.pddl,0.01,6.69921875
asp_simple,barabasiAlbertLongestShortestPath-1,4,1,50,3,44,3,domains/0005-barabasiAlbertLongestShortestPath-1-50-3-44-3.pddl,0.01,7.13671875
asp_simple,barabasiAlbertLongestShortestPath-1,4,1,60,3,44,3,domains/0006-barabasiAlbertLongestShortestPath-1-60-3-44-3.pddl,0.02,7.49609375
asp_simple,barabasiAlbertLongestShortestPath-1,4,1,70,3,44,3,domains/0007-barabasiAlbertLongestShortestPath-1-70-3-44-3.pddl,0.02,7.88671875
asp_simple,barabasiAlbertLongestShortestPath-1,4,1,80,3,44,3,domains/0008-barabasiAlbertLongestShortestPath-1-80-3-44-3.pddl,0.02,8.26171875
asp_simple,barabasiAlbertLongestShortestPath-1,5,1,90,3,81,4,domains/0009-barabasiAlbertLongestShortestPath-1-90-3-81-4.pddl,0.03,9.1796875
asp_simple,barabasiAlbertLongestShortestPath-1,5,1,100,3,81,4,domains/0010-barabasiAlbertLongestShortestPath-1-100-3-81-4.pddl,0.03,9.859375
asp_simple,barabasiAlbertLongestShortestPath-1,5,1,110,3,81,4,domains/0011-barabasiAlbertLongestShortestPath-1-110-3-81-4.pddl,0.04,10.34765625
asp_simple,barabasiAlbertLongestShortestPath-1,5,1,120,3,81,4,domains/0012-barabasiAlbertLongestShortestPath-1-120-3-81-4.pddl,0.03,10.73046875
asp_simple,barabasiAlbertLongestShortestPath-1,5,1,130,3,81,4,domains/0013-barabasiAlbertLongestShortestPath-1-130-3-81-4.pddl,0.03,11.1171875
asp_simple,barabasiAlbertLongestShortestPath-1,5,1,140,3,81,4,domains/0014-barabasiAlbertLongestShortestPath-1-140-3-81-4.pddl,0.04,11.65625
asp_simple,barabasiAlbertLongestShortestPath-1,5,1,150,3,81,4,domains/0015-barabasiAlbertLongestShortestPath-1-150-3-81-4.pddl,0.04,12.02734375
asp_simple,barabasiAlbertLongestShortestPath-1,5,1,160,3,81,4,domains/0016-barabasiAlbertLongestShortestPath-1-160-3-81-4.pddl,0.04,12.59375
asp_simple,barabasiAlbertLongestShortestPath-1,5,1,170,3,81,4,domains/0017-barabasiAlbertLongestShortestPath-1-170-3-81-4.pddl,0.05,13.015625
asp_simple,barabasiAlbertLongestShortestPath-1,5,1,180,3,81,4,domains/0018-barabasiAlbertLongestShortestPath-1-180-3-81-4.pddl,0.05,13.65234375
asp_simple,barabasiAlbertLongestShortestPath-1,5,1,190,3,81,4,domains/0019-barabasiAlbertLongestShortestPath-1-190-3-81-4.pddl,0.07,14.0078125
asp_simple,barabasiAlbertLongestShortestPath-1,5,1,200,3,81,4,domains/0020-barabasiAlbertLongestShortestPath-1-200-3-81-4.pddl,0.08,14.421875
