approach,domain_type,horizon,num_plans_success,length_plans_success,length_plans_dead_end,num_plans_dead_end,domain_size,path,runtime_seconds,set_size_mb
asp_general,generalized,5,2,4,4,4,4,domains/0181-generalized-2-4-4-4-4.pddl,0.01,7.75390625
asp_general,generalized,6,2,4,5,5,5,domains/0182-generalized-2-4-5-5-5.pddl,0.03,11.23046875
asp_general,generalized,7,2,4,6,6,6,domains/0183-generalized-2-4-6-6-6.pddl,0.05,18.05859375
asp_general,generalized,8,2,4,7,7,7,domains/0184-generalized-2-4-7-7-7.pddl,0.1,29.3046875
asp_general,generalized,9,2,4,8,8,8,domains/0185-generalized-2-4-8-8-8.pddl,0.17,48.8359375
asp_general,generalized,11,2,4,10,10,10,domains/0186-generalized-2-4-10-10-10.pddl,0.59,125.55078125
asp_general,generalized,12,2,4,11,11,11,domains/0187-generalized-2-4-11-11-11.pddl,0.83,192.07421875
asp_general,generalized,13,2,4,12,12,12,domains/0188-generalized-2-4-12-12-12.pddl,4.01,289.69140625
asp_general,generalized,14,2,4,13,13,13,domains/0189-generalized-2-4-13-13-13.pddl,2.07,416.8828125
asp_general,generalized,15,2,4,14,14,14,domains/0190-generalized-2-4-14-14-14.pddl,3.56,590.51953125
asp_general,generalized,17,2,4,16,16,16,domains/0191-generalized-2-4-16-16-16.pddl,6.12,1121.99609375
asp_general,generalized,18,2,4,17,17,17,domains/0192-generalized-2-4-17-17-17.pddl,42.17,1490.12890625
asp_general,generalized,19,2,4,18,18,18,domains/0193-generalized-2-4-18-18-18.pddl,22.54,1996.75
asp_general,generalized,20,2,4,19,19,19,domains/0194-generalized-2-4-19-19-19.pddl,-1,-0.0009765625
asp_general,generalized,21,2,4,20,20,20,domains/0195-generalized-2-4-20-20-20.pddl,18.2,3293.69140625