approach,domain_type,horizon,num_plans_success,length_plans_success,length_plans_dead_end,num_plans_dead_end,domain_size,path,runtime_seconds,set_size_mb
bfs,generalized,-1,1,4,4,4,4,domains/0151-generalized-1-4-4-4-4.pddl,0.07,18.4375
bfs,generalized,-1,1,4,5,4,4,domains/0152-generalized-1-4-5-4-4.pddl,0.07,18.49609375
bfs,generalized,-1,1,4,6,4,4,domains/0153-generalized-1-4-6-4-4.pddl,0.08,18.75390625
bfs,generalized,-1,1,4,7,4,4,domains/0154-generalized-1-4-7-4-4.pddl,0.1,19.05859375
bfs,generalized,-1,1,4,8,4,4,domains/0155-generalized-1-4-8-4-4.pddl,0.12,20.12890625
bfs,generalized,-1,1,4,10,4,4,domains/0156-generalized-1-4-10-4-4.pddl,0.29,22.3671875
bfs,generalized,-1,1,4,11,4,4,domains/0157-generalized-1-4-11-4-4.pddl,0.49,23.74609375
bfs,generalized,-1,1,4,12,4,4,domains/0158-generalized-1-4-12-4-4.pddl,0.99,25.69140625
bfs,generalized,-1,1,4,13,4,4,domains/0159-generalized-1-4-13-4-4.pddl,1.51,27.890625
bfs,generalized,-1,1,4,14,4,4,domains/0160-generalized-1-4-14-4-4.pddl,1.96,30.5390625
bfs,generalized,-1,1,4,16,4,4,domains/0161-generalized-1-4-16-4-4.pddl,5.55,49.6796875
bfs,generalized,-1,1,4,17,4,4,domains/0162-generalized-1-4-17-4-4.pddl,7.77,56.84765625
bfs,generalized,-1,1,4,18,4,4,domains/0163-generalized-1-4-18-4-4.pddl,11.47,64.8203125
bfs,generalized,-1,1,4,19,4,4,domains/0164-generalized-1-4-19-4-4.pddl,17.19,73.91015625
bfs,generalized,-1,1,4,20,4,4,domains/0165-generalized-1-4-20-4-4.pddl,24.45,84.3828125