approach,domain,generatorArgument,path,runtimeInseconds,setSizeInmb
bfs,multiplePaths,001,domains/multiplePaths_d001.pddl,0.08,18.03125
bfs,multiplePaths,002,domains/multiplePaths_d002.pddl,0.07,18.015625
bfs,multiplePaths,003,domains/multiplePaths_d003.pddl,0.07,18.05078125
bfs,multiplePaths,004,domains/multiplePaths_d004.pddl,0.06,18.25390625
bfs,multiplePaths,005,domains/multiplePaths_d005.pddl,0.07,18.078125
bfs,multiplePaths,006,domains/multiplePaths_d006.pddl,0.09,18.1640625
bfs,multiplePaths,007,domains/multiplePaths_d007.pddl,0.1,18.234375
bfs,multiplePaths,008,domains/multiplePaths_d008.pddl,0.14,18.5859375
bfs,multiplePaths,009,domains/multiplePaths_d009.pddl,0.31,19.453125
bfs,multiplePaths,010,domains/multiplePaths_d010.pddl,1.07,21.1328125
bfs,multiplePaths,011,domains/multiplePaths_d011.pddl,4.26,25.01953125
bfs,multiplePaths,012,domains/multiplePaths_d012.pddl,17.84,32.90625
bfs,multiplePaths,013,domains/multiplePaths_d013.pddl,90.89,50.09375
bfs,multiplePaths,014,domains/multiplePaths_d014.pddl,540.44,86.5703125
