approach,domain_type,horizon,i,path,runtime_seconds,set_size_mb
asp_simple,multiplePathsDeadEnds,3,1,domains/0101-multiplePathsDeadEnds-1.pddl,0.0,5.109375
asp_simple,multiplePathsDeadEnds,6,2,domains/0102-multiplePathsDeadEnds-2.pddl,0.0,5.2265625
asp_simple,multiplePathsDeadEnds,10,3,domains/0103-multiplePathsDeadEnds-3.pddl,0.0,5.40625
asp_simple,multiplePathsDeadEnds,15,4,domains/0104-multiplePathsDeadEnds-4.pddl,0.0,5.62109375
asp_simple,multiplePathsDeadEnds,21,5,domains/0105-multiplePathsDeadEnds-5.pddl,0.01,6.05859375
asp_simple,multiplePathsDeadEnds,28,6,domains/0106-multiplePathsDeadEnds-6.pddl,0.01,6.5078125
asp_simple,multiplePathsDeadEnds,36,7,domains/0107-multiplePathsDeadEnds-7.pddl,0.02,7.21484375
asp_simple,multiplePathsDeadEnds,45,8,domains/0108-multiplePathsDeadEnds-8.pddl,0.02,8.109375
asp_simple,multiplePathsDeadEnds,55,9,domains/0109-multiplePathsDeadEnds-9.pddl,0.03,9.24609375
asp_simple,multiplePathsDeadEnds,66,10,domains/0110-multiplePathsDeadEnds-10.pddl,0.06,10.68359375
asp_simple,multiplePathsDeadEnds,78,11,domains/0111-multiplePathsDeadEnds-11.pddl,0.06,12.34765625
asp_simple,multiplePathsDeadEnds,91,12,domains/0112-multiplePathsDeadEnds-12.pddl,0.14,14.12890625
asp_simple,multiplePathsDeadEnds,105,13,domains/0113-multiplePathsDeadEnds-13.pddl,0.14,16.2265625
asp_simple,multiplePathsDeadEnds,120,14,domains/0114-multiplePathsDeadEnds-14.pddl,0.36,17.9296875
asp_simple,multiplePathsDeadEnds,136,15,domains/0115-multiplePathsDeadEnds-15.pddl,0.45,20.90234375
asp_simple,multiplePathsDeadEnds,153,16,domains/0116-multiplePathsDeadEnds-16.pddl,0.51,24.109375
asp_simple,multiplePathsDeadEnds,171,17,domains/0117-multiplePathsDeadEnds-17.pddl,1.07,27.84765625
asp_simple,multiplePathsDeadEnds,190,18,domains/0118-multiplePathsDeadEnds-18.pddl,1.51,31.8828125
asp_simple,multiplePathsDeadEnds,210,19,domains/0119-multiplePathsDeadEnds-19.pddl,1.94,35.83984375
asp_simple,multiplePathsDeadEnds,231,20,domains/0120-multiplePathsDeadEnds-20.pddl,2.62,40.73828125
asp_simple,multiplePathsDeadEnds,253,21,domains/0121-multiplePathsDeadEnds-21.pddl,3.76,46.8359375
asp_simple,multiplePathsDeadEnds,276,22,domains/0122-multiplePathsDeadEnds-22.pddl,4.39,53.546875
asp_simple,multiplePathsDeadEnds,300,23,domains/0123-multiplePathsDeadEnds-23.pddl,7.24,59.70703125
asp_simple,multiplePathsDeadEnds,325,24,domains/0124-multiplePathsDeadEnds-24.pddl,9.6,66.63671875
asp_simple,multiplePathsDeadEnds,351,25,domains/0125-multiplePathsDeadEnds-25.pddl,10.55,75.20703125
asp_simple,multiplePathsDeadEnds,378,26,domains/0126-multiplePathsDeadEnds-26.pddl,16.66,82.86328125
asp_simple,multiplePathsDeadEnds,406,27,domains/0127-multiplePathsDeadEnds-27.pddl,32.83,96.36328125
asp_simple,multiplePathsDeadEnds,435,28,domains/0128-multiplePathsDeadEnds-28.pddl,33.9,106.50390625
asp_simple,multiplePathsDeadEnds,465,29,domains/0129-multiplePathsDeadEnds-29.pddl,42.37,115.48828125
asp_simple,multiplePathsDeadEnds,496,30,domains/0130-multiplePathsDeadEnds-30.pddl,51.68,127.80859375
asp_simple,multiplePathsDeadEnds,528,31,domains/0131-multiplePathsDeadEnds-31.pddl,90.94,141.10546875
asp_simple,multiplePathsDeadEnds,561,32,domains/0132-multiplePathsDeadEnds-32.pddl,88.75,155.98046875
asp_simple,multiplePathsDeadEnds,595,33,domains/0133-multiplePathsDeadEnds-33.pddl,-1,-0.0009765625
