approach,domain_type,horizon,num_plans_success,length_plans_success,length_plans_dead_end,num_plans_dead_end,domain_size,path,runtime_seconds,set_size_mb
asp_general,generalized,5,1,4,2,4,4,domains/0016-generalized-1-4-2-4-4.pddl,0.04,6.8828125
asp_general,generalized,6,1,5,2,5,5,domains/0017-generalized-1-5-2-5-5.pddl,0.05,8.34375
asp_general,generalized,7,1,6,3,6,6,domains/0018-generalized-1-6-3-6-6.pddl,0.37,16.1796875
asp_general,generalized,8,1,7,3,7,7,domains/0019-generalized-1-7-3-7-7.pddl,1.34,24.6796875
asp_general,generalized,9,1,8,4,8,8,domains/0020-generalized-1-8-4-8-8.pddl,6.65,56.73828125
asp_general,generalized,11,1,10,5,10,10,domains/0021-generalized-1-10-5-10-10.pddl,-1,-0.0009765625
asp_general,generalized,12,1,11,5,11,11,domains/0022-generalized-1-11-5-11-11.pddl,1.6400000000000001,111.84375
asp_general,generalized,13,1,12,6,12,12,domains/0023-generalized-1-12-6-12-12.pddl,8.83,202.546875
asp_general,generalized,14,1,13,6,13,13,domains/0024-generalized-1-13-6-13-13.pddl,-1,-0.0009765625
asp_general,generalized,15,1,14,7,14,14,domains/0025-generalized-1-14-7-14-14.pddl,9.92,368.61328125
asp_general,generalized,17,1,16,8,16,16,domains/0026-generalized-1-16-8-16-16.pddl,-1,-0.0009765625
asp_general,generalized,18,1,17,8,17,17,domains/0027-generalized-1-17-8-17-17.pddl,-1,-0.0009765625
asp_general,generalized,19,1,18,9,18,18,domains/0028-generalized-1-18-9-18-18.pddl,-1,-0.0009765625
asp_general,generalized,20,1,19,9,19,19,domains/0029-generalized-1-19-9-19-19.pddl,-1,-0.0009765625
asp_general,generalized,21,1,20,10,20,20,domains/0030-generalized-1-20-10-20-20.pddl,-1,-0.0009765625