approach,domain,generatorArgument,path,runtimeInseconds,setSizeInmb
asp,multiplePaths,001,domains/multiplePaths_d001.pddl,0.0,4.92578125
asp,multiplePaths,002,domains/multiplePaths_d002.pddl,0.0,5.0546875
asp,multiplePaths,003,domains/multiplePaths_d003.pddl,0.0,5.22265625
asp,multiplePaths,004,domains/multiplePaths_d004.pddl,0.0,5.4609375
asp,multiplePaths,005,domains/multiplePaths_d005.pddl,0.01,5.79296875
asp,multiplePaths,006,domains/multiplePaths_d006.pddl,0.01,6.25390625
asp,multiplePaths,007,domains/multiplePaths_d007.pddl,0.02,6.859375
asp,multiplePaths,008,domains/multiplePaths_d008.pddl,0.03,7.65234375
asp,multiplePaths,009,domains/multiplePaths_d009.pddl,0.04,8.70703125
asp,multiplePaths,010,domains/multiplePaths_d010.pddl,0.09,10.171875
asp,multiplePaths,011,domains/multiplePaths_d011.pddl,0.11,11.6640625
asp,multiplePaths,012,domains/multiplePaths_d012.pddl,0.17,13.4375
asp,multiplePaths,013,domains/multiplePaths_d013.pddl,0.27,14.875
asp,multiplePaths,014,domains/multiplePaths_d014.pddl,0.42,17.32421875
asp,multiplePaths,015,domains/multiplePaths_d015.pddl,0.91,19.9375
asp,multiplePaths,016,domains/multiplePaths_d016.pddl,1.08,23.02734375
asp,multiplePaths,017,domains/multiplePaths_d017.pddl,1.3,26.5859375
asp,multiplePaths,018,domains/multiplePaths_d018.pddl,2.0,31.06640625
asp,multiplePaths,019,domains/multiplePaths_d019.pddl,3.37,34.81640625
asp,multiplePaths,020,domains/multiplePaths_d020.pddl,4.24,40.0234375
asp,multiplePaths,021,domains/multiplePaths_d021.pddl,5.62,45.875
asp,multiplePaths,022,domains/multiplePaths_d022.pddl,7.11,52.0625
asp,multiplePaths,023,domains/multiplePaths_d023.pddl,10.89,58.52734375
asp,multiplePaths,024,domains/multiplePaths_d024.pddl,16.59,65.49609375
asp,multiplePaths,025,domains/multiplePaths_d025.pddl,20.26,73.7265625
asp,multiplePaths,026,domains/multiplePaths_d026.pddl,25.15,81.375
asp,multiplePaths,027,domains/multiplePaths_d027.pddl,33.95,93.76953125
asp,multiplePaths,028,domains/multiplePaths_d028.pddl,50.06,104.1640625
asp,multiplePaths,029,domains/multiplePaths_d029.pddl,76.19,113.62109375
asp,multiplePaths,030,domains/multiplePaths_d030.pddl,88.51,124.8046875
asp,multiplePaths,031,domains/multiplePaths_d031.pddl,103.65,138.24609375
asp,multiplePaths,032,domains/multiplePaths_d032.pddl,154.9,153.5703125
asp,multiplePaths,033,domains/multiplePaths_d033.pddl,218.96,170.6328125
asp,multiplePaths,034,domains/multiplePaths_d034.pddl,234.77,188.41015625
asp,multiplePaths,035,domains/multiplePaths_d035.pddl,369.58,204.6015625
asp,multiplePaths,036,domains/multiplePaths_d036.pddl,474.74,223.265625
