approach,domain_type,horizon,num_plans_success,length_plans_success,length_plans_dead_end,num_plans_dead_end,domain_size,path,runtime_seconds,set_size_mb
dfs,generalized,-1,1,4,2,4,4,domains/0166-generalized-1-4-2-4-4.pddl,0.07,18.375
dfs,generalized,-1,1,5,2,5,5,domains/0167-generalized-1-5-2-5-5.pddl,0.08,18.3984375
dfs,generalized,-1,1,6,3,6,6,domains/0168-generalized-1-6-3-6-6.pddl,0.07,18.30078125
dfs,generalized,-1,1,7,3,7,7,domains/0169-generalized-1-7-3-7-7.pddl,0.07,18.375
dfs,generalized,-1,1,8,4,8,8,domains/0170-generalized-1-8-4-8-8.pddl,0.07,18.3046875
dfs,generalized,-1,1,10,5,10,10,domains/0171-generalized-1-10-5-10-10.pddl,0.08,18.8125
dfs,generalized,-1,1,11,5,11,11,domains/0172-generalized-1-11-5-11-11.pddl,0.08,18.87890625
dfs,generalized,-1,1,12,6,12,12,domains/0173-generalized-1-12-6-12-12.pddl,0.09,19.60546875
dfs,generalized,-1,1,13,6,13,13,domains/0174-generalized-1-13-6-13-13.pddl,0.09,19.953125
dfs,generalized,-1,1,14,7,14,14,domains/0175-generalized-1-14-7-14-14.pddl,0.11,21.30859375
dfs,generalized,-1,1,16,8,16,16,domains/0176-generalized-1-16-8-16-16.pddl,0.14,23.82421875
dfs,generalized,-1,1,17,8,17,17,domains/0177-generalized-1-17-8-17-17.pddl,0.17,24.828125
dfs,generalized,-1,1,18,9,18,18,domains/0178-generalized-1-18-9-18-18.pddl,0.2,27.91015625
dfs,generalized,-1,1,19,9,19,19,domains/0179-generalized-1-19-9-19-19.pddl,0.22,28.90625
dfs,generalized,-1,1,20,10,20,20,domains/0180-generalized-1-20-10-20-20.pddl,0.3,33.460937