approach,domain_type,horizon,m,n,node_a,node_b,domain_size,path,runtime_seconds,set_size_mb
bfs,barabasiAlbertLongestShortestPath-1,-1,1,10,3,8,2,domains/0001-barabasiAlbertLongestShortestPath-1-10-3-8-2.pddl,0.07,18.08984375
bfs,barabasiAlbertLongestShortestPath-1,-1,1,20,3,16,3,domains/0002-barabasiAlbertLongestShortestPath-1-20-3-16-3.pddl,0.06,18.1953125
bfs,barabasiAlbertLongestShortestPath-1,-1,1,30,3,16,3,domains/0003-barabasiAlbertLongestShortestPath-1-30-3-16-3.pddl,0.07,18.2109375
bfs,barabasiAlbertLongestShortestPath-1,-1,1,40,3,16,3,domains/0004-barabasiAlbertLongestShortestPath-1-40-3-16-3.pddl,0.07,18.7578125
bfs,barabasiAlbertLongestShortestPath-1,-1,1,50,3,44,3,domains/0005-barabasiAlbertLongestShortestPath-1-50-3-44-3.pddl,0.07,18.51171875
bfs,barabasiAlbertLongestShortestPath-1,-1,1,60,3,44,3,domains/0006-barabasiAlbertLongestShortestPath-1-60-3-44-3.pddl,0.07,18.84375
bfs,barabasiAlbertLongestShortestPath-1,-1,1,70,3,44,3,domains/0007-barabasiAlbertLongestShortestPath-1-70-3-44-3.pddl,0.07,19.1875
bfs,barabasiAlbertLongestShortestPath-1,-1,1,80,3,44,3,domains/0008-barabasiAlbertLongestShortestPath-1-80-3-44-3.pddl,0.07,19.54296875
bfs,barabasiAlbertLongestShortestPath-1,-1,1,90,3,81,4,domains/0009-barabasiAlbertLongestShortestPath-1-90-3-81-4.pddl,0.24,24.55078125
bfs,barabasiAlbertLongestShortestPath-1,-1,1,100,3,81,4,domains/0010-barabasiAlbertLongestShortestPath-1-100-3-81-4.pddl,0.25,25.4921875
bfs,barabasiAlbertLongestShortestPath-1,-1,1,110,3,81,4,domains/0011-barabasiAlbertLongestShortestPath-1-110-3-81-4.pddl,0.38,26.52734375
bfs,barabasiAlbertLongestShortestPath-1,-1,1,120,3,81,4,domains/0012-barabasiAlbertLongestShortestPath-1-120-3-81-4.pddl,0.34,26.72265625
bfs,barabasiAlbertLongestShortestPath-1,-1,1,130,3,81,4,domains/0013-barabasiAlbertLongestShortestPath-1-130-3-81-4.pddl,0.4,28.30859375
bfs,barabasiAlbertLongestShortestPath-1,-1,1,140,3,81,4,domains/0014-barabasiAlbertLongestShortestPath-1-140-3-81-4.pddl,0.62,37.62890625
bfs,barabasiAlbertLongestShortestPath-1,-1,1,150,3,81,4,domains/0015-barabasiAlbertLongestShortestPath-1-150-3-81-4.pddl,1.04,42.30078125
bfs,barabasiAlbertLongestShortestPath-1,-1,1,160,3,81,4,domains/0016-barabasiAlbertLongestShortestPath-1-160-3-81-4.pddl,0.99,47.9453125
bfs,barabasiAlbertLongestShortestPath-1,-1,1,170,3,81,4,domains/0017-barabasiAlbertLongestShortestPath-1-170-3-81-4.pddl,1.11,48.7734375
bfs,barabasiAlbertLongestShortestPath-1,-1,1,180,3,81,4,domains/0018-barabasiAlbertLongestShortestPath-1-180-3-81-4.pddl,1.3599999999999999,51.01953125
bfs,barabasiAlbertLongestShortestPath-1,-1,1,190,3,81,4,domains/0019-barabasiAlbertLongestShortestPath-1-190-3-81-4.pddl,1.73,55.79296875
bfs,barabasiAlbertLongestShortestPath-1,-1,1,200,3,81,4,domains/0020-barabasiAlbertLongestShortestPath-1-200-3-81-4.pddl,1.8399999999999999,56.72265625
