approach,domain,generatorArgument,path,runtimeInseconds,setSizeInmb
bfs,multiplePathsDeadEnds,001,domains/multiplePathsDeadEnds_d001.pddl,0.08,18.2265625
bfs,multiplePathsDeadEnds,002,domains/multiplePathsDeadEnds_d002.pddl,0.07,17.90625
bfs,multiplePathsDeadEnds,003,domains/multiplePathsDeadEnds_d003.pddl,0.06,17.9296875
bfs,multiplePathsDeadEnds,004,domains/multiplePathsDeadEnds_d004.pddl,0.07,17.96875
bfs,multiplePathsDeadEnds,005,domains/multiplePathsDeadEnds_d005.pddl,0.09,18.0546875
bfs,multiplePathsDeadEnds,006,domains/multiplePathsDeadEnds_d006.pddl,0.11,18.12890625
bfs,multiplePathsDeadEnds,007,domains/multiplePathsDeadEnds_d007.pddl,0.12,18.5859375
bfs,multiplePathsDeadEnds,008,domains/multiplePathsDeadEnds_d008.pddl,0.3,19.25
bfs,multiplePathsDeadEnds,009,domains/multiplePathsDeadEnds_d009.pddl,1.0,20.81640625
bfs,multiplePathsDeadEnds,010,domains/multiplePathsDeadEnds_d010.pddl,4.0,24.65625
bfs,multiplePathsDeadEnds,011,domains/multiplePathsDeadEnds_d011.pddl,16.78,32.2578125
bfs,multiplePathsDeadEnds,012,domains/multiplePathsDeadEnds_d012.pddl,78.42,48.92578125
bfs,multiplePathsDeadEnds,013,domains/multiplePathsDeadEnds_d013.pddl,442.5,84.52734375
