approach,domain_type,horizon,m,n,node_a,node_b,domain_size,path,runtime_seconds,set_size_mb
dfs,barabasiAlbertLongestShortestPath-max,-1,19,20,0,1,1,domains/0022-barabasiAlbertLongestShortestPath-19-20-0-1-1.pddl,0.07,18.30859375
dfs,barabasiAlbertLongestShortestPath-max,-1,29,30,0,1,1,domains/0023-barabasiAlbertLongestShortestPath-29-30-0-1-1.pddl,0.11,19.09375
dfs,barabasiAlbertLongestShortestPath-max,-1,39,40,0,1,1,domains/0024-barabasiAlbertLongestShortestPath-39-40-0-1-1.pddl,0.14,20.43359375
dfs,barabasiAlbertLongestShortestPath-max,-1,49,50,0,1,1,domains/0025-barabasiAlbertLongestShortestPath-49-50-0-1-1.pddl,0.24,22.296875
dfs,barabasiAlbertLongestShortestPath-max,-1,59,60,0,1,1,domains/0026-barabasiAlbertLongestShortestPath-59-60-0-1-1.pddl,0.43,25.01953125
dfs,barabasiAlbertLongestShortestPath-max,-1,69,70,0,1,1,domains/0027-barabasiAlbertLongestShortestPath-69-70-0-1-1.pddl,1.02,28.953125
dfs,barabasiAlbertLongestShortestPath-max,-1,79,80,0,1,1,domains/0028-barabasiAlbertLongestShortestPath-79-80-0-1-1.pddl,1.5699999999999998,34.2109375
dfs,barabasiAlbertLongestShortestPath-max,-1,89,90,0,1,1,domains/0029-barabasiAlbertLongestShortestPath-89-90-0-1-1.pddl,2.08,40.87890625
dfs,barabasiAlbertLongestShortestPath-max,-1,99,100,0,1,1,domains/0030-barabasiAlbertLongestShortestPath-99-100-0-1-1.pddl,2.98,48.71875
dfs,barabasiAlbertLongestShortestPath-max,-1,109,110,0,1,1,domains/0031-barabasiAlbertLongestShortestPath-109-110-0-1-1.pddl,4.36,57.4375
dfs,barabasiAlbertLongestShortestPath-max,-1,119,120,0,1,1,domains/0032-barabasiAlbertLongestShortestPath-119-120-0-1-1.pddl,6.85,67.515625
dfs,barabasiAlbertLongestShortestPath-max,-1,129,130,0,1,1,domains/0033-barabasiAlbertLongestShortestPath-129-130-0-1-1.pddl,8.83,79.13671875
dfs,barabasiAlbertLongestShortestPath-max,-1,139,140,0,1,1,domains/0034-barabasiAlbertLongestShortestPath-139-140-0-1-1.pddl,11.64,96.50390625
dfs,barabasiAlbertLongestShortestPath-max,-1,149,150,0,1,1,domains/0035-barabasiAlbertLongestShortestPath-149-150-0-1-1.pddl,15.4,115.85546875
dfs,barabasiAlbertLongestShortestPath-max,-1,159,160,0,1,1,domains/0036-barabasiAlbertLongestShortestPath-159-160-0-1-1.pddl,20.83,137.03515625
dfs,barabasiAlbertLongestShortestPath-max,-1,169,170,0,1,1,domains/0037-barabasiAlbertLongestShortestPath-169-170-0-1-1.pddl,26.59,160.16015625
dfs,barabasiAlbertLongestShortestPath-max,-1,179,180,0,1,1,domains/0038-barabasiAlbertLongestShortestPath-179-180-0-1-1.pddl,32.39,185.21484375
dfs,barabasiAlbertLongestShortestPath-max,-1,189,190,0,1,1,domains/0039-barabasiAlbertLongestShortestPath-189-190-0-1-1.pddl,43.28,212.53515625
dfs,barabasiAlbertLongestShortestPath-max,-1,199,200,0,1,1,domains/0040-barabasiAlbertLongestShortestPath-199-200-0-1-1.pddl,55.7,242.52734375
