approach,domain_type,horizon,i,path,runtime_seconds,set_size_mb
bfs,multiplePathsDeadEnds,-1,1,domains/0101-multiplePathsDeadEnds-1.pddl,0.07,18.04296875
bfs,multiplePathsDeadEnds,-1,2,domains/0102-multiplePathsDeadEnds-2.pddl,0.07,18.1796875
bfs,multiplePathsDeadEnds,-1,3,domains/0103-multiplePathsDeadEnds-3.pddl,0.07,18.359375
bfs,multiplePathsDeadEnds,-1,4,domains/0104-multiplePathsDeadEnds-4.pddl,0.07,18.203125
bfs,multiplePathsDeadEnds,-1,5,domains/0105-multiplePathsDeadEnds-5.pddl,0.07,18.2890625
bfs,multiplePathsDeadEnds,-1,6,domains/0106-multiplePathsDeadEnds-6.pddl,0.08,18.16015625
bfs,multiplePathsDeadEnds,-1,7,domains/0107-multiplePathsDeadEnds-7.pddl,0.1,18.75390625
bfs,multiplePathsDeadEnds,-1,8,domains/0108-multiplePathsDeadEnds-8.pddl,0.25,19.42578125
bfs,multiplePathsDeadEnds,-1,9,domains/0109-multiplePathsDeadEnds-9.pddl,0.73,21.0546875
bfs,multiplePathsDeadEnds,-1,10,domains/0110-multiplePathsDeadEnds-10.pddl,2.89,24.6640625
bfs,multiplePathsDeadEnds,-1,11,domains/0111-multiplePathsDeadEnds-11.pddl,12.56,32.5
bfs,multiplePathsDeadEnds,-1,12,domains/0112-multiplePathsDeadEnds-12.pddl,55.36,49.109375
bfs,multiplePathsDeadEnds,-1,13,domains/0113-multiplePathsDeadEnds-13.pddl,-1,-0.0009765625
