approach,domain_type,horizon,m,n,node_a,node_b,domain_size,path,runtime_seconds,set_size_mb
asp_simple,barabasiAlbertLongestShortestPath-max,2,19,20,0,1,1,domains/0022-barabasiAlbertLongestShortestPath-19-20-0-1-1.pddl,0.01,5.59765625
asp_simple,barabasiAlbertLongestShortestPath-max,2,29,30,0,1,1,domains/0023-barabasiAlbertLongestShortestPath-29-30-0-1-1.pddl,0.01,5.87890625
asp_simple,barabasiAlbertLongestShortestPath-max,2,39,40,0,1,1,domains/0024-barabasiAlbertLongestShortestPath-39-40-0-1-1.pddl,0.01,6.18359375
asp_simple,barabasiAlbertLongestShortestPath-max,2,49,50,0,1,1,domains/0025-barabasiAlbertLongestShortestPath-49-50-0-1-1.pddl,0.01,6.47265625
asp_simple,barabasiAlbertLongestShortestPath-max,2,59,60,0,1,1,domains/0026-barabasiAlbertLongestShortestPath-59-60-0-1-1.pddl,0.01,6.796875
asp_simple,barabasiAlbertLongestShortestPath-max,2,69,70,0,1,1,domains/0027-barabasiAlbertLongestShortestPath-69-70-0-1-1.pddl,0.02,6.96875
asp_simple,barabasiAlbertLongestShortestPath-max,2,79,80,0,1,1,domains/0028-barabasiAlbertLongestShortestPath-79-80-0-1-1.pddl,0.02,7.4140625
asp_simple,barabasiAlbertLongestShortestPath-max,2,89,90,0,1,1,domains/0029-barabasiAlbertLongestShortestPath-89-90-0-1-1.pddl,0.02,7.7265625
asp_simple,barabasiAlbertLongestShortestPath-max,2,99,100,0,1,1,domains/0030-barabasiAlbertLongestShortestPath-99-100-0-1-1.pddl,0.02,7.9765625
asp_simple,barabasiAlbertLongestShortestPath-max,2,109,110,0,1,1,domains/0031-barabasiAlbertLongestShortestPath-109-110-0-1-1.pddl,0.02,8.28515625
asp_simple,barabasiAlbertLongestShortestPath-max,2,119,120,0,1,1,domains/0032-barabasiAlbertLongestShortestPath-119-120-0-1-1.pddl,0.03,8.5390625
asp_simple,barabasiAlbertLongestShortestPath-max,2,129,130,0,1,1,domains/0033-barabasiAlbertLongestShortestPath-129-130-0-1-1.pddl,0.03,8.86328125
asp_simple,barabasiAlbertLongestShortestPath-max,2,139,140,0,1,1,domains/0034-barabasiAlbertLongestShortestPath-139-140-0-1-1.pddl,0.03,9.25390625
asp_simple,barabasiAlbertLongestShortestPath-max,2,149,150,0,1,1,domains/0035-barabasiAlbertLongestShortestPath-149-150-0-1-1.pddl,0.03,9.421875
asp_simple,barabasiAlbertLongestShortestPath-max,2,159,160,0,1,1,domains/0036-barabasiAlbertLongestShortestPath-159-160-0-1-1.pddl,0.03,9.69140625
asp_simple,barabasiAlbertLongestShortestPath-max,2,169,170,0,1,1,domains/0037-barabasiAlbertLongestShortestPath-169-170-0-1-1.pddl,0.03,9.96484375
asp_simple,barabasiAlbertLongestShortestPath-max,2,179,180,0,1,1,domains/0038-barabasiAlbertLongestShortestPath-179-180-0-1-1.pddl,0.04,10.42578125
asp_simple,barabasiAlbertLongestShortestPath-max,2,189,190,0,1,1,domains/0039-barabasiAlbertLongestShortestPath-189-190-0-1-1.pddl,0.04,10.73046875
asp_simple,barabasiAlbertLongestShortestPath-max,2,199,200,0,1,1,domains/0040-barabasiAlbertLongestShortestPath-199-200-0-1-1.pddl,0.04,10.984375
