approach,domain_type,horizon,num_plans_success,length_plans_success,length_plans_dead_end,num_plans_dead_end,domain_size,path,runtime_seconds,set_size_mb
asp_simple,generalized,5,2,4,4,4,4,domains/0031-generalized-2-4-4-4-4.pddl,0.01,6.3671875
asp_simple,generalized,6,2,4,5,5,5,domains/0032-generalized-2-4-5-5-5.pddl,0.01,6.96875
asp_simple,generalized,7,2,4,6,6,6,domains/0033-generalized-2-4-6-6-6.pddl,0.02,7.89453125
asp_simple,generalized,8,2,4,7,7,7,domains/0034-generalized-2-4-7-7-7.pddl,0.02,8.90625
asp_simple,generalized,9,2,4,8,8,8,domains/0035-generalized-2-4-8-8-8.pddl,0.03,10.76953125
asp_simple,generalized,11,2,4,10,10,10,domains/0036-generalized-2-4-10-10-10.pddl,0.05,14.80078125
asp_simple,generalized,12,2,4,11,11,11,domains/0037-generalized-2-4-11-11-11.pddl,0.06,17.265625
asp_simple,generalized,13,2,4,12,12,12,domains/0038-generalized-2-4-12-12-12.pddl,0.08,20.3359375
asp_simple,generalized,14,2,4,13,13,13,domains/0039-generalized-2-4-13-13-13.pddl,0.1,24.15234375
asp_simple,generalized,15,2,4,14,14,14,domains/0040-generalized-2-4-14-14-14.pddl,0.12,27.93359375
asp_simple,generalized,17,2,4,16,16,16,domains/0041-generalized-2-4-16-16-16.pddl,0.21,38.00390625
asp_simple,generalized,18,2,4,17,17,17,domains/0042-generalized-2-4-17-17-17.pddl,0.4,45.45703125
asp_simple,generalized,19,2,4,18,18,18,domains/0043-generalized-2-4-18-18-18.pddl,0.34,51.046875
asp_simple,generalized,20,2,4,19,19,19,domains/0044-generalized-2-4-19-19-19.pddl,0.42,57.46484375
asp_simple,generalized,21,2,4,20,20,20,domains/0045-generalized-2-4-20-20-20.pddl,0.5,65.53515625
