approach,domain_type,horizon,i,path,runtime_seconds,set_size_mb
asp_general,singlePath,11,10,domains/0001-singlePath-10.pddl,0.01,6.66796875
asp_general,singlePath,21,20,domains/0002-singlePath-20.pddl,0.07,15.0703125
asp_general,singlePath,31,30,domains/0003-singlePath-30.pddl,0.29,36.5703125
asp_general,singlePath,41,40,domains/0004-singlePath-40.pddl,0.89,75.87109375
asp_general,singlePath,51,50,domains/0005-singlePath-50.pddl,2.67,140.80859375
asp_general,singlePath,61,60,domains/0006-singlePath-60.pddl,7.57,235.16796875
asp_general,singlePath,71,70,domains/0007-singlePath-70.pddl,17.23,370.078125
asp_general,singlePath,81,80,domains/0008-singlePath-80.pddl,34.99,560.66015625
asp_general,singlePath,91,90,domains/0009-singlePath-90.pddl,65.9,775.3203125
asp_general,singlePath,101,100,domains/0010-singlePath-100.pddl,117.46,1062.88671875
asp_general,singlePath,111,110,domains/0011-singlePath-110.pddl,-1,-0.0009765625
