approach,domain_type,horizon,m,n,node_a,node_b,domain_size,path,runtime_seconds,set_size_mb
asp_simple,barabasiAlbertLongestShortestPath-5,2,5,10,0,1,1,domains/0001-barabasiAlbertLongestShortestPath-5-10-0-1-1.pddl,0.01,5.60546875
asp_simple,barabasiAlbertLongestShortestPath-5,3,5,20,0,14,2,domains/0002-barabasiAlbertLongestShortestPath-5-20-0-14-2.pddl,0.01,6.84765625
asp_simple,barabasiAlbertLongestShortestPath-5,3,5,30,0,14,2,domains/0003-barabasiAlbertLongestShortestPath-5-30-0-14-2.pddl,0.02,7.890625
asp_simple,barabasiAlbertLongestShortestPath-5,3,5,40,0,14,2,domains/0004-barabasiAlbertLongestShortestPath-5-40-0-14-2.pddl,0.03,8.9375
asp_simple,barabasiAlbertLongestShortestPath-5,3,5,50,0,14,2,domains/0005-barabasiAlbertLongestShortestPath-5-50-0-14-2.pddl,0.03,10.2421875
asp_simple,barabasiAlbertLongestShortestPath-5,3,5,60,0,14,2,domains/0006-barabasiAlbertLongestShortestPath-5-60-0-14-2.pddl,0.06,11.46484375
asp_simple,barabasiAlbertLongestShortestPath-5,3,5,70,0,14,2,domains/0007-barabasiAlbertLongestShortestPath-5-70-0-14-2.pddl,0.05,12.3359375
asp_simple,barabasiAlbertLongestShortestPath-5,3,5,80,0,14,2,domains/0008-barabasiAlbertLongestShortestPath-5-80-0-14-2.pddl,0.06,13.46875
asp_simple,barabasiAlbertLongestShortestPath-5,3,5,90,0,14,2,domains/0009-barabasiAlbertLongestShortestPath-5-90-0-14-2.pddl,0.06,14.703125
asp_simple,barabasiAlbertLongestShortestPath-5,3,5,100,0,14,2,domains/0010-barabasiAlbertLongestShortestPath-5-100-0-14-2.pddl,0.1,15.6796875
asp_simple,barabasiAlbertLongestShortestPath-5,4,5,110,9,25,3,domains/0011-barabasiAlbertLongestShortestPath-5-110-9-25-3.pddl,0.09,18.56640625
asp_simple,barabasiAlbertLongestShortestPath-5,4,5,120,0,117,3,domains/0012-barabasiAlbertLongestShortestPath-5-120-0-117-3.pddl,0.09,19.76171875
asp_simple,barabasiAlbertLongestShortestPath-5,4,5,130,9,25,3,domains/0013-barabasiAlbertLongestShortestPath-5-130-9-25-3.pddl,0.12,20.69140625
asp_simple,barabasiAlbertLongestShortestPath-5,4,5,140,0,132,3,domains/0014-barabasiAlbertLongestShortestPath-5-140-0-132-3.pddl,0.12,22.0625
asp_simple,barabasiAlbertLongestShortestPath-5,4,5,150,0,132,3,domains/0015-barabasiAlbertLongestShortestPath-5-150-0-132-3.pddl,0.12,23.68359375
asp_simple,barabasiAlbertLongestShortestPath-5,4,5,160,0,132,3,domains/0016-barabasiAlbertLongestShortestPath-5-160-0-132-3.pddl,0.13,25.1875
asp_simple,barabasiAlbertLongestShortestPath-5,4,5,170,0,132,3,domains/0017-barabasiAlbertLongestShortestPath-5-170-0-132-3.pddl,0.14,26.515625
asp_simple,barabasiAlbertLongestShortestPath-5,4,5,180,0,132,3,domains/0018-barabasiAlbertLongestShortestPath-5-180-0-132-3.pddl,0.15,27.65234375
asp_simple,barabasiAlbertLongestShortestPath-5,4,5,190,7,50,3,domains/0019-barabasiAlbertLongestShortestPath-5-190-7-50-3.pddl,0.17,28.81640625
asp_simple,barabasiAlbertLongestShortestPath-5,4,5,200,7,50,3,domains/0020-barabasiAlbertLongestShortestPath-5-200-7-50-3.pddl,0.17,30.25390625
