approach,domain_type,horizon,i,path,runtime_seconds,set_size_mb
bfs,singlePath,-1,10,domains/0001-singlePath-10.pddl,0.06,18.046875
bfs,singlePath,-1,20,domains/0002-singlePath-20.pddl,0.06,18.0859375
bfs,singlePath,-1,30,domains/0003-singlePath-30.pddl,0.06,18.265625
bfs,singlePath,-1,40,domains/0004-singlePath-40.pddl,0.07,18.28125
bfs,singlePath,-1,50,domains/0005-singlePath-50.pddl,0.07,18.2578125
bfs,singlePath,-1,60,domains/0006-singlePath-60.pddl,0.07,18.4296875
bfs,singlePath,-1,70,domains/0007-singlePath-70.pddl,0.07,18.546875
bfs,singlePath,-1,80,domains/0008-singlePath-80.pddl,0.08,18.4609375
bfs,singlePath,-1,90,domains/0009-singlePath-90.pddl,0.08,18.58984375
bfs,singlePath,-1,100,domains/0010-singlePath-100.pddl,0.08,18.73046875
bfs,singlePath,-1,110,domains/0011-singlePath-110.pddl,0.09,18.98046875
bfs,singlePath,-1,120,domains/0012-singlePath-120.pddl,0.12,18.9609375
bfs,singlePath,-1,130,domains/0013-singlePath-130.pddl,0.11,19.28125
bfs,singlePath,-1,140,domains/0014-singlePath-140.pddl,0.1,19.5
bfs,singlePath,-1,150,domains/0015-singlePath-150.pddl,0.12,19.4765625
bfs,singlePath,-1,160,domains/0016-singlePath-160.pddl,0.12,19.6875
bfs,singlePath,-1,170,domains/0017-singlePath-170.pddl,0.13,19.8203125
bfs,singlePath,-1,180,domains/0018-singlePath-180.pddl,0.14,20.015625
bfs,singlePath,-1,190,domains/0019-singlePath-190.pddl,0.15,20.08203125
bfs,singlePath,-1,200,domains/0020-singlePath-200.pddl,0.16,20.57421875
bfs,singlePath,-1,210,domains/0021-singlePath-210.pddl,0.18,20.57421875
bfs,singlePath,-1,220,domains/0022-singlePath-220.pddl,0.19,20.90234375
bfs,singlePath,-1,230,domains/0023-singlePath-230.pddl,0.2,20.984375
bfs,singlePath,-1,240,domains/0024-singlePath-240.pddl,0.23,21.3984375
bfs,singlePath,-1,250,domains/0025-singlePath-250.pddl,0.24,21.37109375
bfs,singlePath,-1,260,domains/0026-singlePath-260.pddl,0.26,21.76953125
bfs,singlePath,-1,270,domains/0027-singlePath-270.pddl,0.28,22.078125
bfs,singlePath,-1,280,domains/0028-singlePath-280.pddl,0.31,22.3984375
bfs,singlePath,-1,290,domains/0029-singlePath-290.pddl,0.33,22.8828125
bfs,singlePath,-1,300,domains/0030-singlePath-300.pddl,0.35,23.1796875
bfs,singlePath,-1,310,domains/0031-singlePath-310.pddl,0.38,23.515625
bfs,singlePath,-1,320,domains/0032-singlePath-320.pddl,0.41,24.09375
bfs,singlePath,-1,330,domains/0033-singlePath-330.pddl,0.44,24.20703125
bfs,singlePath,-1,340,domains/0034-singlePath-340.pddl,0.47,24.68359375
bfs,singlePath,-1,350,domains/0035-singlePath-350.pddl,0.51,24.9453125
bfs,singlePath,-1,360,domains/0036-singlePath-360.pddl,0.68,25.5625
bfs,singlePath,-1,370,domains/0037-singlePath-370.pddl,0.58,25.91015625
bfs,singlePath,-1,380,domains/0038-singlePath-380.pddl,0.61,26.1640625
bfs,singlePath,-1,390,domains/0039-singlePath-390.pddl,0.65,26.5
bfs,singlePath,-1,400,domains/0040-singlePath-400.pddl,0.7,27.0078125
bfs,singlePath,-1,410,domains/0041-singlePath-410.pddl,0.73,27.46484375
bfs,singlePath,-1,420,domains/0042-singlePath-420.pddl,0.78,27.734375
bfs,singlePath,-1,430,domains/0043-singlePath-430.pddl,0.83,28.03125
bfs,singlePath,-1,440,domains/0044-singlePath-440.pddl,0.87,28.47265625
bfs,singlePath,-1,450,domains/0045-singlePath-450.pddl,1.28,28.76953125
bfs,singlePath,-1,460,domains/0046-singlePath-460.pddl,0.98,29.19921875
bfs,singlePath,-1,470,domains/0047-singlePath-470.pddl,1.02,29.6640625
bfs,singlePath,-1,480,domains/0048-singlePath-480.pddl,1.48,30.0859375
bfs,singlePath,-1,490,domains/0049-singlePath-490.pddl,1.13,30.5859375
bfs,singlePath,-1,500,domains/0050-singlePath-500.pddl,1.46,30.75390625
