approach,domain_type,horizon,num_plans_success,length_plans_success,length_plans_dead_end,num_plans_dead_end,domain_size,path,runtime_seconds,set_size_mb
asp_general,generalized,5,1,4,4,4,4,domains/0151-generalized-1-4-4-4-4.pddl,0.01,7.05859375
asp_general,generalized,5,1,4,5,4,4,domains/0152-generalized-1-4-5-4-4.pddl,0.02,7.78515625
asp_general,generalized,5,1,4,6,4,4,domains/0153-generalized-1-4-6-4-4.pddl,0.03,8.921875
asp_general,generalized,5,1,4,7,4,4,domains/0154-generalized-1-4-7-4-4.pddl,0.02,9.92578125
asp_general,generalized,5,1,4,8,4,4,domains/0155-generalized-1-4-8-4-4.pddl,0.03,11.25
asp_general,generalized,5,1,4,10,4,4,domains/0156-generalized-1-4-10-4-4.pddl,0.04,14.10546875
asp_general,generalized,5,1,4,11,4,4,domains/0157-generalized-1-4-11-4-4.pddl,0.05,15.59765625
asp_general,generalized,5,1,4,12,4,4,domains/0158-generalized-1-4-12-4-4.pddl,0.05,17.15625
asp_general,generalized,5,1,4,13,4,4,domains/0159-generalized-1-4-13-4-4.pddl,0.06,19.05859375
asp_general,generalized,5,1,4,14,4,4,domains/0160-generalized-1-4-14-4-4.pddl,0.07,20.9296875
asp_general,generalized,5,1,4,16,4,4,domains/0161-generalized-1-4-16-4-4.pddl,0.09,25.65234375
asp_general,generalized,5,1,4,17,4,4,domains/0162-generalized-1-4-17-4-4.pddl,0.1,28.15234375
asp_general,generalized,5,1,4,18,4,4,domains/0163-generalized-1-4-18-4-4.pddl,0.11,30.4140625
asp_general,generalized,5,1,4,19,4,4,domains/0164-generalized-1-4-19-4-4.pddl,0.13,32.9921875
asp_general,generalized,5,1,4,20,4,4,domains/0165-generalized-1-4-20-4-4.pddl,0.12,35.24609375
