approach,domain_type,horizon,i,path,runtime_seconds,set_size_mb
dfs,singlePath,-1,10,domains/0001-singlePath-10.pddl,0.06,18.203125
dfs,singlePath,-1,20,domains/0002-singlePath-20.pddl,0.06,18.36328125
dfs,singlePath,-1,30,domains/0003-singlePath-30.pddl,0.06,18.296875
dfs,singlePath,-1,40,domains/0004-singlePath-40.pddl,0.07,18.19140625
dfs,singlePath,-1,50,domains/0005-singlePath-50.pddl,0.07,18.3828125
dfs,singlePath,-1,60,domains/0006-singlePath-60.pddl,0.07,18.43359375
dfs,singlePath,-1,70,domains/0007-singlePath-70.pddl,0.07,18.68359375
dfs,singlePath,-1,80,domains/0008-singlePath-80.pddl,0.07,18.58984375
dfs,singlePath,-1,90,domains/0009-singlePath-90.pddl,0.09,18.8671875
dfs,singlePath,-1,100,domains/0010-singlePath-100.pddl,0.1,18.6953125
dfs,singlePath,-1,110,domains/0011-singlePath-110.pddl,0.09,19.04296875
dfs,singlePath,-1,120,domains/0012-singlePath-120.pddl,0.09,19.125
dfs,singlePath,-1,130,domains/0013-singlePath-130.pddl,0.1,19.11328125
dfs,singlePath,-1,140,domains/0014-singlePath-140.pddl,0.11,19.30078125
dfs,singlePath,-1,150,domains/0015-singlePath-150.pddl,0.11,19.5
dfs,singlePath,-1,160,domains/0016-singlePath-160.pddl,0.13,19.6328125
dfs,singlePath,-1,170,domains/0017-singlePath-170.pddl,0.13,19.83984375
dfs,singlePath,-1,180,domains/0018-singlePath-180.pddl,0.14,20.0390625
dfs,singlePath,-1,190,domains/0019-singlePath-190.pddl,0.15,20.3125
dfs,singlePath,-1,200,domains/0020-singlePath-200.pddl,0.17,20.6171875
dfs,singlePath,-1,210,domains/0021-singlePath-210.pddl,0.18,20.50390625
dfs,singlePath,-1,220,domains/0022-singlePath-220.pddl,0.2,20.80078125
dfs,singlePath,-1,230,domains/0023-singlePath-230.pddl,0.21,21.08203125
dfs,singlePath,-1,240,domains/0024-singlePath-240.pddl,0.23,21.3984375
dfs,singlePath,-1,250,domains/0025-singlePath-250.pddl,0.24,21.3828125
dfs,singlePath,-1,260,domains/0026-singlePath-260.pddl,0.26,21.8125
dfs,singlePath,-1,270,domains/0027-singlePath-270.pddl,0.28,22.2109375
dfs,singlePath,-1,280,domains/0028-singlePath-280.pddl,0.31,22.57421875
dfs,singlePath,-1,290,domains/0029-singlePath-290.pddl,0.34,22.765625
dfs,singlePath,-1,300,domains/0030-singlePath-300.pddl,0.36,23.07421875
dfs,singlePath,-1,310,domains/0031-singlePath-310.pddl,0.39,23.6015625
dfs,singlePath,-1,320,domains/0032-singlePath-320.pddl,0.42,24.08984375
dfs,singlePath,-1,330,domains/0033-singlePath-330.pddl,0.45,24.3125
dfs,singlePath,-1,340,domains/0034-singlePath-340.pddl,0.47,24.8203125
dfs,singlePath,-1,350,domains/0035-singlePath-350.pddl,0.51,25.08203125
dfs,singlePath,-1,360,domains/0036-singlePath-360.pddl,0.54,25.6328125
dfs,singlePath,-1,370,domains/0037-singlePath-370.pddl,0.58,25.94921875
dfs,singlePath,-1,380,domains/0038-singlePath-380.pddl,0.72,26.1875
dfs,singlePath,-1,390,domains/0039-singlePath-390.pddl,0.66,26.60546875
dfs,singlePath,-1,400,domains/0040-singlePath-400.pddl,0.7,26.91015625
dfs,singlePath,-1,410,domains/0041-singlePath-410.pddl,0.74,27.4375
dfs,singlePath,-1,420,domains/0042-singlePath-420.pddl,0.79,27.61328125
dfs,singlePath,-1,430,domains/0043-singlePath-430.pddl,1.1,27.875
dfs,singlePath,-1,440,domains/0044-singlePath-440.pddl,0.88,28.515625
dfs,singlePath,-1,450,domains/0045-singlePath-450.pddl,0.92,28.8984375
dfs,singlePath,-1,460,domains/0046-singlePath-460.pddl,0.99,29.12890625
dfs,singlePath,-1,470,domains/0047-singlePath-470.pddl,1.03,29.53515625
dfs,singlePath,-1,480,domains/0048-singlePath-480.pddl,1.08,30.18359375
dfs,singlePath,-1,490,domains/0049-singlePath-490.pddl,1.75,30.3984375
dfs,singlePath,-1,500,domains/0050-singlePath-500.pddl,1.19,30.74609375
