approach,domain_type,horizon,m,n,node_a,node_b,domain_size,path,runtime_seconds,set_size_mb
asp_general,barabasiAlbertLongestShortestPath-max,2,19,20,0,1,1,domains/0022-barabasiAlbertLongestShortestPath-19-20-0-1-1.pddl,0.01,5.74609375
asp_general,barabasiAlbertLongestShortestPath-max,2,29,30,0,1,1,domains/0023-barabasiAlbertLongestShortestPath-29-30-0-1-1.pddl,0.01,6.33203125
asp_general,barabasiAlbertLongestShortestPath-max,2,39,40,0,1,1,domains/0024-barabasiAlbertLongestShortestPath-39-40-0-1-1.pddl,0.02,7.36328125
asp_general,barabasiAlbertLongestShortestPath-max,2,49,50,0,1,1,domains/0025-barabasiAlbertLongestShortestPath-49-50-0-1-1.pddl,0.02,8.7109375
asp_general,barabasiAlbertLongestShortestPath-max,2,59,60,0,1,1,domains/0026-barabasiAlbertLongestShortestPath-59-60-0-1-1.pddl,0.03,9.77734375
asp_general,barabasiAlbertLongestShortestPath-max,2,69,70,0,1,1,domains/0027-barabasiAlbertLongestShortestPath-69-70-0-1-1.pddl,0.03,11.79296875
asp_general,barabasiAlbertLongestShortestPath-max,2,79,80,0,1,1,domains/0028-barabasiAlbertLongestShortestPath-79-80-0-1-1.pddl,0.04,13.48828125
asp_general,barabasiAlbertLongestShortestPath-max,2,89,90,0,1,1,domains/0029-barabasiAlbertLongestShortestPath-89-90-0-1-1.pddl,0.05,15.60546875
asp_general,barabasiAlbertLongestShortestPath-max,2,99,100,0,1,1,domains/0030-barabasiAlbertLongestShortestPath-99-100-0-1-1.pddl,0.06,18.19140625
asp_general,barabasiAlbertLongestShortestPath-max,2,109,110,0,1,1,domains/0031-barabasiAlbertLongestShortestPath-109-110-0-1-1.pddl,0.08,20.71875
asp_general,barabasiAlbertLongestShortestPath-max,2,119,120,0,1,1,domains/0032-barabasiAlbertLongestShortestPath-119-120-0-1-1.pddl,0.09,23.43359375
asp_general,barabasiAlbertLongestShortestPath-max,2,129,130,0,1,1,domains/0033-barabasiAlbertLongestShortestPath-129-130-0-1-1.pddl,0.16,26.53515625
asp_general,barabasiAlbertLongestShortestPath-max,2,139,140,0,1,1,domains/0034-barabasiAlbertLongestShortestPath-139-140-0-1-1.pddl,0.11,29.578125
asp_general,barabasiAlbertLongestShortestPath-max,2,149,150,0,1,1,domains/0035-barabasiAlbertLongestShortestPath-149-150-0-1-1.pddl,0.15,33.34375
asp_general,barabasiAlbertLongestShortestPath-max,2,159,160,0,1,1,domains/0036-barabasiAlbertLongestShortestPath-159-160-0-1-1.pddl,0.16,36.92578125
asp_general,barabasiAlbertLongestShortestPath-max,2,169,170,0,1,1,domains/0037-barabasiAlbertLongestShortestPath-169-170-0-1-1.pddl,0.19,40.91796875
asp_general,barabasiAlbertLongestShortestPath-max,2,179,180,0,1,1,domains/0038-barabasiAlbertLongestShortestPath-179-180-0-1-1.pddl,0.21,45.3359375
asp_general,barabasiAlbertLongestShortestPath-max,2,189,190,0,1,1,domains/0039-barabasiAlbertLongestShortestPath-189-190-0-1-1.pddl,0.23,49.24609375
asp_general,barabasiAlbertLongestShortestPath-max,2,199,200,0,1,1,domains/0040-barabasiAlbertLongestShortestPath-199-200-0-1-1.pddl,0.26,53.65234375
