approach,domain,generatorArgument,path,runtimeInseconds,setSizeInmb
bfs,singlePath,010,domains/singlePath_d010.pddl,0.07,18.1640625
bfs,singlePath,020,domains/singlePath_d020.pddl,0.08,18.15234375
bfs,singlePath,030,domains/singlePath_d030.pddl,0.07,18.33984375
bfs,singlePath,040,domains/singlePath_d040.pddl,0.09,18.22265625
bfs,singlePath,050,domains/singlePath_d050.pddl,0.07,18.25390625
bfs,singlePath,060,domains/singlePath_d060.pddl,0.07,18.52734375
bfs,singlePath,070,domains/singlePath_d070.pddl,0.07,18.3125
bfs,singlePath,080,domains/singlePath_d080.pddl,0.09,18.39453125
bfs,singlePath,090,domains/singlePath_d090.pddl,0.1,18.484375
bfs,singlePath,100,domains/singlePath_d100.pddl,0.09,18.87890625
bfs,singlePath,110,domains/singlePath_d110.pddl,0.12,18.609375
bfs,singlePath,120,domains/singlePath_d120.pddl,0.11,18.9140625
bfs,singlePath,130,domains/singlePath_d130.pddl,0.11,19.19140625
bfs,singlePath,140,domains/singlePath_d140.pddl,0.12,19.1640625
bfs,singlePath,150,domains/singlePath_d150.pddl,0.15,19.58984375
bfs,singlePath,160,domains/singlePath_d160.pddl,0.16,19.5546875
bfs,singlePath,170,domains/singlePath_d170.pddl,0.16,19.9453125
bfs,singlePath,180,domains/singlePath_d180.pddl,0.17,19.92578125
bfs,singlePath,190,domains/singlePath_d190.pddl,0.2,20.10546875
bfs,singlePath,200,domains/singlePath_d200.pddl,0.21,20.1953125
bfs,singlePath,210,domains/singlePath_d210.pddl,0.23,20.34765625
bfs,singlePath,220,domains/singlePath_d220.pddl,0.25,20.60546875
bfs,singlePath,230,domains/singlePath_d230.pddl,0.28,20.95703125
bfs,singlePath,240,domains/singlePath_d240.pddl,0.31,21.2734375
bfs,singlePath,250,domains/singlePath_d250.pddl,0.33,21.59375
bfs,singlePath,260,domains/singlePath_d260.pddl,0.34,21.79296875
bfs,singlePath,270,domains/singlePath_d270.pddl,0.37,22.14453125
bfs,singlePath,280,domains/singlePath_d280.pddl,0.41,22.4765625
bfs,singlePath,290,domains/singlePath_d290.pddl,0.46,22.86328125
bfs,singlePath,300,domains/singlePath_d300.pddl,0.5,22.9453125
bfs,singlePath,310,domains/singlePath_d310.pddl,0.53,23.49609375
bfs,singlePath,320,domains/singlePath_d320.pddl,0.58,23.9921875
bfs,singlePath,330,domains/singlePath_d330.pddl,0.6,24.33203125
bfs,singlePath,340,domains/singlePath_d340.pddl,0.64,24.72265625
bfs,singlePath,350,domains/singlePath_d350.pddl,0.68,25.2890625
bfs,singlePath,360,domains/singlePath_d360.pddl,0.75,25.4296875
bfs,singlePath,370,domains/singlePath_d370.pddl,0.81,25.7734375
bfs,singlePath,380,domains/singlePath_d380.pddl,0.85,26.19921875
bfs,singlePath,390,domains/singlePath_d390.pddl,0.91,26.51171875
bfs,singlePath,400,domains/singlePath_d400.pddl,0.97,27.02734375
bfs,singlePath,410,domains/singlePath_d410.pddl,1.03,27.24609375
bfs,singlePath,420,domains/singlePath_d420.pddl,1.08,27.69921875
bfs,singlePath,430,domains/singlePath_d430.pddl,1.22,28.23046875
bfs,singlePath,440,domains/singlePath_d440.pddl,1.25,28.40625
bfs,singlePath,450,domains/singlePath_d450.pddl,1.29,28.6171875
bfs,singlePath,460,domains/singlePath_d460.pddl,1.4,29.21484375
bfs,singlePath,470,domains/singlePath_d470.pddl,1.46,29.68359375
bfs,singlePath,480,domains/singlePath_d480.pddl,1.51,29.76171875
bfs,singlePath,490,domains/singlePath_d490.pddl,1.5699999999999998,30.47265625
bfs,singlePath,500,domains/singlePath_d500.pddl,1.67,30.6796875
