approach,domain_type,horizon,num_plans_success,length_plans_success,length_plans_dead_end,num_plans_dead_end,domain_size,path,runtime_seconds,set_size_mb
bfs,generalized,-1,2,4,4,4,4,domains/0181-generalized-2-4-4-4-4.pddl,0.09,18.41796875
bfs,generalized,-1,2,4,5,5,5,domains/0182-generalized-2-4-5-5-5.pddl,0.08,18.87109375
bfs,generalized,-1,2,4,6,6,6,domains/0183-generalized-2-4-6-6-6.pddl,0.1,19.49609375
bfs,generalized,-1,2,4,7,7,7,domains/0184-generalized-2-4-7-7-7.pddl,0.13,20.31640625
bfs,generalized,-1,2,4,8,8,8,domains/0185-generalized-2-4-8-8-8.pddl,0.19,23.1796875
bfs,generalized,-1,2,4,10,10,10,domains/0186-generalized-2-4-10-10-10.pddl,0.52,27.6171875
bfs,generalized,-1,2,4,11,11,11,domains/0187-generalized-2-4-11-11-11.pddl,0.78,30.71484375
bfs,generalized,-1,2,4,12,12,12,domains/0188-generalized-2-4-12-12-12.pddl,1.32,47.05859375
bfs,generalized,-1,2,4,13,13,13,domains/0189-generalized-2-4-13-13-13.pddl,2.12,55.37890625
bfs,generalized,-1,2,4,14,14,14,domains/0190-generalized-2-4-14-14-14.pddl,3.37,64.515625
bfs,generalized,-1,2,4,16,16,16,domains/0191-generalized-2-4-16-16-16.pddl,7.96,149.36328125
bfs,generalized,-1,2,4,17,17,17,domains/0192-generalized-2-4-17-17-17.pddl,11.5,177.3046875
bfs,generalized,-1,2,4,18,18,18,domains/0193-generalized-2-4-18-18-18.pddl,17.75,209.53515625
bfs,generalized,-1,2,4,19,19,19,domains/0194-generalized-2-4-19-19-19.pddl,27.14,245.421875
bfs,generalized,-1,2,4,20,20,20,domains/0195-generalized-2-4-20-20-20.pddl,35.15,287.16796875
