approach,domain_type,horizon,num_plans_success,length_plans_success,length_plans_dead_end,num_plans_dead_end,domain_size,path,runtime_seconds,set_size_mb
bfs,generalized,-1,1,4,2,4,4,domains/0166-generalized-1-4-2-4-4.pddl,0.06,18.2109375
bfs,generalized,-1,1,5,2,5,5,domains/0167-generalized-1-5-2-5-5.pddl,0.06,18.25390625
bfs,generalized,-1,1,6,3,6,6,domains/0168-generalized-1-6-3-6-6.pddl,0.07,18.49609375
bfs,generalized,-1,1,7,3,7,7,domains/0169-generalized-1-7-3-7-7.pddl,0.08,18.6328125
bfs,generalized,-1,1,8,4,8,8,domains/0170-generalized-1-8-4-8-8.pddl,0.23,22.37109375
bfs,generalized,-1,1,10,5,10,10,domains/0171-generalized-1-10-5-10-10.pddl,6.89,46.19921875
bfs,generalized,-1,1,11,5,11,11,domains/0172-generalized-1-11-5-11-11.pddl,18.01,62.1171875
bfs,generalized,-1,1,12,6,12,12,domains/0173-generalized-1-12-6-12-12.pddl,-1,-0.0009765625
bfs,generalized,-1,1,13,6,13,13,domains/0174-generalized-1-13-6-13-13.pddl,-1,-0.0009765625
bfs,generalized,-1,1,14,7,14,14,domains/0175-generalized-1-14-7-14-14.pddl,-1,-0.0009765625
bfs,generalized,-1,1,16,8,16,16,domains/0176-generalized-1-16-8-16-16.pddl,-1,-0.0009765625
bfs,generalized,-1,1,17,8,17,17,domains/0177-generalized-1-17-8-17-17.pddl,-1,-0.0009765625
bfs,generalized,-1,1,18,9,18,18,domains/0178-generalized-1-18-9-18-18.pddl,-1,-0.0009765625
bfs,generalized,-1,1,19,9,19,19,domains/0179-generalized-1-19-9-19-19.pddl,-1,-0.0009765625
bfs,generalized,-1,1,20,10,20,20,domains/0180-generalized-1-20-10-20-20.pddl,-1,-0.0009765625