approach,domain_type,horizon,i,path,runtime_seconds,set_size_mb
bfs,multiplePaths,-1,1,domains/0051-multiplePaths-1.pddl,0.07,18.16015625
bfs,multiplePaths,-1,2,domains/0052-multiplePaths-2.pddl,0.06,18.02734375
bfs,multiplePaths,-1,3,domains/0053-multiplePaths-3.pddl,0.06,18.21875
bfs,multiplePaths,-1,4,domains/0054-multiplePaths-4.pddl,0.07,18.078125
bfs,multiplePaths,-1,5,domains/0055-multiplePaths-5.pddl,0.06,18.17578125
bfs,multiplePaths,-1,6,domains/0056-multiplePaths-6.pddl,0.07,18.328125
bfs,multiplePaths,-1,7,domains/0057-multiplePaths-7.pddl,0.07,18.44140625
bfs,multiplePaths,-1,8,domains/0058-multiplePaths-8.pddl,0.11,18.7734375
bfs,multiplePaths,-1,9,domains/0059-multiplePaths-9.pddl,0.23,19.41015625
bfs,multiplePaths,-1,10,domains/0060-multiplePaths-10.pddl,0.76,21.3046875
bfs,multiplePaths,-1,11,domains/0061-multiplePaths-11.pddl,3.09,25.08984375
bfs,multiplePaths,-1,12,domains/0062-multiplePaths-12.pddl,13.71,32.8828125
bfs,multiplePaths,-1,13,domains/0063-multiplePaths-13.pddl,57.33,50.12890625
bfs,multiplePaths,-1,14,domains/0064-multiplePaths-14.pddl,-1,-0.0009765625
