approach,domain,generatorArgument,path,runtimeInseconds,setSizeInmb
asp,singlePath,010,domains/singlePath_d010.pddl,0.02,5.58203125
asp,singlePath,020,domains/singlePath_d020.pddl,0.03,7.83203125
asp,singlePath,030,domains/singlePath_d030.pddl,0.04,10.8984375
asp,singlePath,040,domains/singlePath_d040.pddl,0.06,15.25
asp,singlePath,050,domains/singlePath_d050.pddl,0.11,20.97265625
asp,singlePath,060,domains/singlePath_d060.pddl,0.13,27.80859375
asp,singlePath,070,domains/singlePath_d070.pddl,0.19,35.9140625
asp,singlePath,080,domains/singlePath_d080.pddl,0.3,45.48828125
asp,singlePath,090,domains/singlePath_d090.pddl,0.4,54.34765625
asp,singlePath,100,domains/singlePath_d100.pddl,0.54,64.859375
asp,singlePath,110,domains/singlePath_d110.pddl,0.58,77.3203125
asp,singlePath,120,domains/singlePath_d120.pddl,0.69,87.765625
asp,singlePath,130,domains/singlePath_d130.pddl,0.86,100.90625
asp,singlePath,140,domains/singlePath_d140.pddl,0.98,115.13671875
asp,singlePath,150,domains/singlePath_d150.pddl,1.25,134.8359375
asp,singlePath,160,domains/singlePath_d160.pddl,1.34,150.49609375
asp,singlePath,170,domains/singlePath_d170.pddl,1.51,166.66796875
asp,singlePath,180,domains/singlePath_d180.pddl,1.71,182.94140625
asp,singlePath,190,domains/singlePath_d190.pddl,1.9100000000000001,203.54296875
asp,singlePath,200,domains/singlePath_d200.pddl,2.14,221.68359375
asp,singlePath,210,domains/singlePath_d210.pddl,2.5300000000000002,254.3359375
asp,singlePath,220,domains/singlePath_d220.pddl,2.74,273.94140625
asp,singlePath,230,domains/singlePath_d230.pddl,2.94,295.046875
asp,singlePath,240,domains/singlePath_d240.pddl,3.25,318.87890625
asp,singlePath,250,domains/singlePath_d250.pddl,3.51,342.32421875
asp,singlePath,260,domains/singlePath_d260.pddl,3.8,369.6171875
asp,singlePath,270,domains/singlePath_d270.pddl,4.14,402.640625
asp,singlePath,280,domains/singlePath_d280.pddl,4.46,426.72265625
asp,singlePath,290,domains/singlePath_d290.pddl,4.83,457.109375
asp,singlePath,300,domains/singlePath_d300.pddl,5.35,507.98828125
asp,singlePath,310,domains/singlePath_d310.pddl,5.65,538.01953125
asp,singlePath,320,domains/singlePath_d320.pddl,6.05,573.61328125
asp,singlePath,330,domains/singlePath_d330.pddl,6.4,607.15625
asp,singlePath,340,domains/singlePath_d340.pddl,6.87,640.4140625
asp,singlePath,350,domains/singlePath_d350.pddl,7.18,675.08984375
asp,singlePath,360,domains/singlePath_d360.pddl,7.64,705.40234375
asp,singlePath,370,domains/singlePath_d370.pddl,8.1,734.9296875
asp,singlePath,380,domains/singlePath_d380.pddl,8.61,781.296875
asp,singlePath,390,domains/singlePath_d390.pddl,9.16,825.83203125
asp,singlePath,400,domains/singlePath_d400.pddl,9.64,863.30859375
asp,singlePath,410,domains/singlePath_d410.pddl,10.11,901.07421875
asp,singlePath,420,domains/singlePath_d420.pddl,12.12,967.796875
asp,singlePath,430,domains/singlePath_d430.pddl,11.94,1014.62109375
asp,singlePath,440,domains/singlePath_d440.pddl,12.28,1073.79296875
asp,singlePath,450,domains/singlePath_d450.pddl,12.76,1097.75
asp,singlePath,460,domains/singlePath_d460.pddl,13.24,1143.2109375
asp,singlePath,470,domains/singlePath_d470.pddl,13.77,1180.8515625
asp,singlePath,480,domains/singlePath_d480.pddl,14.32,1242.95703125
asp,singlePath,490,domains/singlePath_d490.pddl,14.99,1286.42578125
asp,singlePath,500,domains/singlePath_d500.pddl,15.53,1333.94140625
